nom_amenageur,siren_amenageur,contact_amenageur,nom_operateur,contact_operateur,telephone_operateur,nom_enseigne,id_station_local,nom_station,implantation_station,adresse_station,code_insee_commune,coordonneesxy,nbre_pdc,id_pdc_local,puissance_nominale,prise_type_ef,prise_type_2,prise_type_combo_ccs,prise_type_chademo,prise_type_autre,gratuit,paiement_acte,paiement_cb,paiement_autre,tarification,condition_acces,reservation,horaires,station_deux_roues,raccordement,num_pdl,date_mise_en_service,observations,date_maj,cable_t2_attache
ELECTRA,891624884.0,help@electra.com,ELECTRA,help@electra.com,,ELECTRA,,Saint-Égrève - BUT,Station dédiée à la recharge rapide,3 avenue de l'Île Brune 38120 Saint-Égrève,38382,"5.682108,45.216314",4,,150.0,0,0,1,0,0,0,1,1.0,1.0,,Accès libre,1,24/7,false,Direct,,2023-04-21,Télécharger l'application ELECTRA pour réserver et payer sur go-electra.com,2023-07-17,
,,info@ionity.eu,,info@ionity.eu,+(33)-(1)-87210891,Ile Rose,,Ile Rose,Station dédiée à la recharge rapide,"Aire de L’Ile Rose, A48, 38340 Voreppe",38565,"5.623,45.277",5,,350.0,0,0,1,0,0,0,1,1.0,,,Accès libre,0,24/7,false,,,2021-12-23,EF connector is available at the site separately,2023-07-16,0.0
,,info@ionity.eu,,info@ionity.eu,+(33)-(1)-87210891,Ile Rose,,Ile Rose,Station dédiée à la recharge rapide,"Aire de L’Ile Rose, A48, 38340 Voreppe",38565,"5.623,45.277",5,,50.0,0,1,1,1,0,0,1,1.0,,,Accès libre,0,24/7,false,,,2021-12-23,EF connector is available at the site separately,2023-07-16,0.0
,,info@chargepoint.com,,info@chargepoint.com,,SONEPAR LE VINOUX,,SONEPAR LE VINOUX,Voirie,"24 Rue Louis Gagnière, 38950 Saint-Martin-le-Vinoux",38423,"5.685096,45.214781",2,,21.0,0,1,0,0,0,0,1,0.0,,,Accès libre,0,24/7,false,,,2022-10-12,EF connector is available at the site separately,2023-07-15,0.0
Fastned France,853300010.0,support@fastned.nl,,support@fastned.nl,+(33) 184710062,Aire de Saint-Nazaire les Eymes,,Aire de Saint-Nazaire les Eymes,Station dédiée à la recharge rapide,"Aire de Saint-Nazaire les Eymes A41, 38330 Saint-Nazaire les Eymes",38431,"5.86101,45.243957",8,,300.0,0,1,1,1,0,0,1,0.0,1.0,0.59€ / kwh,Accès libre,0,24/7,false,Direct,,2022-11-30,,2023-07-16,0.0
Fastned France,853300010.0,support@fastned.nl,,support@fastned.nl,+(33) 184710062,Aire de Saint-Nazaire les Eymes,,Aire de Saint-Nazaire les Eymes,Station dédiée à la recharge rapide,"Aire de Saint-Nazaire les Eymes A41, 38330 Saint-Nazaire les Eymes",38431,"5.86101,45.243957",8,,300.0,0,0,1,0,0,0,1,0.0,1.0,0.59€ / kwh,Accès libre,0,24/7,false,Direct,,2022-11-30,,2023-07-16,0.0
,,info@chargepoint.com,,info@chargepoint.com,,SONEPAR AED CROLLES,,SONEPAR AED CROLLES,Voirie,"1 Pl. de la Mairie, 38920 Crolles",38140,"5.882983,45.284904",2,,21.0,0,1,0,0,0,0,1,0.0,,,Accès réservé,0,24/7,false,,,2023-06-26,EF connector is available at the site separately,2023-07-15,0.0
,,info@chargepoint.com,,info@chargepoint.com,,SUPER U BIVIERS BORNE 1,,SUPER U BIVIERS BORNE 1,Parking privé à usage public,"60 Chem. des Evequaux, 38330 Biviers",38045,"5.81642,45.238924",6,,21.0,0,1,0,0,0,0,1,0.0,,,Accès réservé,0,24/7,false,,,2022-10-11,EF connector is available at the site separately,2023-07-16,0.0
,,info@chargepoint.com,,info@chargepoint.com,,SONEPAR AED ST-M.HERES,,SONEPAR AED ST-M.HERES,Voirie,"38 Pl. de la Liberté, 38400 Saint-Martin-d'Hères",38421,"5.767761,45.165133",2,,21.0,0,1,0,0,0,0,1,0.0,,,Accès réservé,0,"Mo 06:30-19:00,Tu 06:30-19:00,We 06:30-19:00,Th 06:30-19:00,Fr 06:30-19:00",false,,,2023-06-26,EF connector is available at the site separately,2023-07-15,0.0
MA BORNE AUTO,880217922.0,e.barre@maborneauto.com,Non concerné,e.barre@maborneauto.com,361626161,DLM GRENOBLE,,DLM GRENOBLE,Parking privé à usage public,89 RUE MALIFAUD,38185,"5.7257621,45.1810981",1,,22.0,0,1,0,0,0,0,0,0.0,0.0,,Accès libre,0,24/7,0,Indirect,19698552757281,2022-03-30,,2022-03-30,
AEV ATELIER ELECTRIQUE VOIRONNAIS,404675878.0,contact@aevelec.fr,FRESHMILE,exploitation@freshmile.com,03 68 78 14 35,SATORIZ GRENOBLE ROCADE,,BORNE 1 SATORIZ GRENOBLE ROCADE,Parking privé à usage public,"9 RUE DU BEAL, 38400, ST MARTIN D'HERES, FRANCE",38421,"5.76,45.16",2,,11.0,1,1,0,0,0,0,1,1.0,0.0,0.20,Accès libre,0,24/7,false,Indirect,19302604816408,2021-05-27,,2021-06-22,
BOTANIC,312910557.0,support@alizecharge.fr,Bouygues E&S,support@alizecharge.fr,805022784,CPO Alizé Liberté Public,,SEYSSINS - Rue du Dr Schweitzer,Voirie,16 Rue du Dr Schweitzer 38180 SEYSSINS,38486,"5.6941247,45.15944978",5,,120.0,0,0,1,0,0,1,1,0.0,,,Accès libre,0,Mo-Su 00:00-23:59,FALSE,Direct,0,2023-02-08,,2023-03-17,
Grenoble-Alpes Métropole,123456789.0,support@alizecharge.fr,Bouygues E&S,support@alizecharge.fr,805022428,Grenoble-Alpes Métropole,,EYBENS - Parking Relais Eybens Le Verderet,Voirie,Avenue des Maquis de l'Oisans 38320 EYBENS,38158,"5.7547996,45.1470172",2,,7.4,1,1,0,0,0,1,1,0.0,,,Accès libre,0,Mo-Su 00:00-23:59,FALSE,Direct,0,2023-03-10,,2023-03-17,
Grenoble-Alpes Métropole,123456789.0,support@alizecharge.fr,Bouygues E&S,support@alizecharge.fr,805022341,Grenoble-Alpes Métropole,,GRENOBLE - Place Victor Hugo - Victor Hugo,Voirie,GRENOBLE - Place Victor Hugo - Victor Hugo,38185,"5.723815,45.18895",1,,22.0,1,1,0,0,0,1,1,0.0,,,Accès libre,0,Mo-Su 00:00-23:59,FALSE,Direct,0,2019-08-08,,2023-03-17,
Grenoble-Alpes Métropole,123456789.0,support@alizecharge.fr,Bouygues E&S,support@alizecharge.fr,805023573,Grenoble-Alpes Métropole,,GIERES - Parking Relais Gières Plaine des Sports,Voirie,Rue des Glairons 38610 GIERES,38179,"5.7836658,45.1881051",6,,7.4,1,1,0,0,0,1,1,0.0,,,Accès libre,0,Mo-Su 00:00-23:59,FALSE,Direct,0,2023-03-10,,2023-03-17,
BOTANIC,312910557.0,support@alizecharge.fr,Bouygues E&S,support@alizecharge.fr,805023398,CPO Alizé Liberté Public,,SEYSSINS - Rue du Dr Schweitzer,Voirie,16 Rue du Dr Schweitzer 38180 SEYSSINS,38486,"5.6941247,45.15944978",5,,120.0,0,0,1,0,0,1,1,0.0,,,Accès libre,0,Mo-Su 00:00-23:59,FALSE,Direct,0,2023-02-04,,2023-03-17,
BOTANIC,312910557.0,support@alizecharge.fr,Bouygues E&S,support@alizecharge.fr,805023397,CPO Alizé Liberté Public,,SEYSSINS - Rue du Dr Schweitzer,Voirie,16 Rue du Dr Schweitzer 38180 SEYSSINS,38486,"5.6941247,45.15944978",5,,22.0,1,1,0,0,0,1,1,0.0,,,Accès libre,0,Mo-Su 00:00-23:59,FALSE,Direct,0,2022-11-24,,2023-03-17,
BOTANIC,312910557.0,support@alizecharge.fr,Bouygues E&S,support@alizecharge.fr,805023396,CPO Alizé Liberté Public,,SEYSSINS - Rue du Dr Schweitzer,Voirie,16 Rue du Dr Schweitzer 38180 SEYSSINS,38486,"5.6941247,45.15944978",5,,22.0,0,1,0,0,0,1,1,0.0,,,Accès libre,0,Mo-Su 00:00-23:59,FALSE,Direct,0,2022-11-24,,2023-03-17,
BOTANIC,312910557.0,support@alizecharge.fr,Bouygues E&S,support@alizecharge.fr,805023790,CPO Alizé Liberté Public,,MONTBONNOT ST MARTIN - Route de la Doux,Voirie,1063 Route de la Doux 38330 MONTBONNOT ST MARTIN,38249,"5.8203531,45.2232053",5,,22.0,0,1,0,0,0,1,1,0.0,,,Accès libre,0,Mo-Su 00:00-23:59,FALSE,Direct,0,2023-01-12,,2023-03-17,
BOTANIC,312910557.0,support@alizecharge.fr,Bouygues E&S,support@alizecharge.fr,805023789,CPO Alizé Liberté Public,,MONTBONNOT ST MARTIN - Route de la Doux,Voirie,1063 Route de la Doux 38330 MONTBONNOT ST MARTIN,38249,"5.8203531,45.2232053",5,,120.0,0,0,1,0,0,1,1,0.0,,,Accès libre,0,Mo-Su 00:00-23:59,FALSE,Direct,0,2022-09-15,,2023-03-17,
BOTANIC,312910557.0,support@alizecharge.fr,Bouygues E&S,support@alizecharge.fr,805023787,CPO Alizé Liberté Public,,MONTBONNOT ST MARTIN - Route de la Doux,Voirie,1063 Route de la Doux 38330 MONTBONNOT ST MARTIN,38249,"5.8203531,45.2232053",5,,22.0,0,1,0,0,0,1,1,0.0,,,Accès libre,0,Mo-Su 00:00-23:59,FALSE,Direct,0,2023-01-12,,2023-03-17,
BOTANIC,312910557.0,support@alizecharge.fr,Bouygues E&S,support@alizecharge.fr,805023786,CPO Alizé Liberté Public,,MONTBONNOT ST MARTIN - Route de la Doux,Voirie,1063 Route de la Doux 38330 MONTBONNOT ST MARTIN,38249,"5.8203531,45.2232053",5,,22.0,1,1,0,0,0,1,1,0.0,,,Accès libre,0,Mo-Su 00:00-23:59,FALSE,Direct,0,2023-01-10,,2023-03-17,
BOTANIC,312910557.0,support@alizecharge.fr,Bouygues E&S,support@alizecharge.fr,805023784,CPO Alizé Liberté Public,,MONTBONNOT ST MARTIN - Route de la Doux,Voirie,1063 Route de la Doux 38330 MONTBONNOT ST MARTIN,38249,"5.8203531,45.2232053",5,,120.0,0,0,1,0,0,1,1,0.0,,,Accès libre,0,Mo-Su 00:00-23:59,FALSE,Direct,0,2022-09-15,,2023-03-17,
Grenoble-Alpes Métropole,123456789.0,support@alizecharge.fr,Bouygues E&S,support@alizecharge.fr,805023675,Grenoble-Alpes Métropole,,GRENOBLE - Place Jean Achard (CITIZ),Voirie,Place Jean Achard (CITIZ) 38000 GRENOBLE,38185,"5.72949,45.18938",1,,7.4,1,1,0,0,0,1,1,0.0,,,Accès libre,0,Mo-Su 00:00-23:59,FALSE,Direct,0,2021-11-09,,2023-03-17,
Grenoble-Alpes Métropole,123456789.0,support@alizecharge.fr,Bouygues E&S,support@alizecharge.fr,805022984,Grenoble-Alpes Métropole,,SEYSSINET-PARISET - Parking Lamartine,Voirie,Rue Lamartine  38170 SEYSSINET-PARISET,38485,"5.69592,45.17965",2,,7.4,1,1,0,0,0,1,1,0.0,,,Accès libre,0,Mo-Su 00:00-23:59,FALSE,Direct,0,2023-01-25,,2023-03-17,
Grenoble-Alpes Métropole,123456789.0,support@alizecharge.fr,Bouygues E&S,support@alizecharge.fr,805022988,Grenoble-Alpes Métropole,,SASSENAGE - Parking Relais Engenieres,Voirie,1 Rue des Engenières 38360 SASSENAGE,38474,"5.6597259,45.2210071",2,,7.4,1,1,0,0,0,1,1,0.0,,,Accès libre,0,Mo-Su 00:00-23:59,FALSE,Direct,0,2023-02-13,,2023-03-17,
Grenoble-Alpes Métropole,123456789.0,support@alizecharge.fr,Bouygues E&S,support@alizecharge.fr,805022996,Grenoble-Alpes Métropole,,DOMENE - Rue du Colonel Fouque,Voirie,Rue du Colonel Fouque 38420 DOMENE,38150,"5.83856923,45.20246463",1,,25.0,1,1,1,1,0,1,1,0.0,,,Accès libre,0,Mo-Su 00:00-23:59,FALSE,Direct,0,2023-01-19,,2023-03-17,
Grenoble-Alpes Métropole,123456789.0,support@alizecharge.fr,Bouygues E&S,support@alizecharge.fr,805023299,Grenoble-Alpes Métropole,,SAINT-MARTIN-D'HERES - Etienne Grappe,Voirie,Rue Henri Wallon 38400 SAINT-MARTIN-D'HERES,38421,"5.757846,45.171972",2,,22.0,1,1,0,0,0,1,1,0.0,,,Accès libre,0,Mo-Su 00:00-23:59,FALSE,Direct,0,2023-02-24,,2023-03-17,
Grenoble-Alpes Métropole,123456789.0,support@alizecharge.fr,Bouygues E&S,support@alizecharge.fr,805023237,Grenoble-Alpes Métropole,,GRENOBLE - Rue Félix Esclangon - Cité Internationale,Voirie,GRENOBLE - Rue Félix Esclangon - Cité Internationale,38185,"5.710719,45.19574",1,,22.0,1,1,0,0,0,1,1,0.0,,,Accès libre,0,Mo-Su 00:00-23:59,FALSE,Direct,0,2019-08-15,,2023-03-17,
Grenoble-Alpes Métropole,123456789.0,support@alizecharge.fr,Bouygues E&S,support@alizecharge.fr,805023242,Grenoble-Alpes Métropole,,GRENOBLE - Place Dr Léon Martin - Vaucanson (CITIZ),Voirie,Place Dr Léon Martin - Vaucanson (CITIZ) 38000 GRENOBLE,38185,"5.727,45.18818",1,,7.4,1,1,0,0,0,1,1,0.0,,,Accès libre,0,Mo-Su 00:00-23:59,FALSE,Direct,0,2021-08-26,,2023-03-17,
Grenoble-Alpes Métropole,123456789.0,support@alizecharge.fr,Bouygues E&S,support@alizecharge.fr,805021571,Grenoble-Alpes Métropole,,GRENOBLE - Place André Malraux - CCI,Voirie,GRENOBLE - Place André Malraux - CCI,38185,"5.729505,45.18551",2,,7.4,1,1,0,0,0,1,1,0.0,,,Accès libre,0,Mo-Su 00:00-23:59,FALSE,Direct,0,2021-05-06,,2023-03-17,
BOTANIC,312910557.0,support@alizecharge.fr,Bouygues E&S,support@alizecharge.fr,805021529,CPO Alizé Liberté Public,,SEYSSINS - Rue du Dr Schweitzer,Voirie,16 Rue du Dr Schweitzer 38180 SEYSSINS,38486,"5.6941247,45.15944978",5,,22.0,0,1,0,0,0,1,1,0.0,,,Accès libre,0,Mo-Su 00:00-23:59,FALSE,Direct,0,2022-11-24,,2023-03-17,
Grenoble-Alpes Métropole,123456789.0,support@alizecharge.fr,Bouygues E&S,support@alizecharge.fr,805021925,Grenoble-Alpes Métropole,,GRENOBLE - Place Jean Achard,Voirie,GRENOBLE - Place Jean Achard,38185,"5.72939,45.18938",2,,22.0,1,1,0,0,0,1,1,0.0,,,Accès libre,0,Mo-Su 00:00-23:59,FALSE,Direct,0,2019-10-25,,2023-03-17,
Grenoble-Alpes Métropole,123456789.0,support@alizecharge.fr,Bouygues E&S,support@alizecharge.fr,805021908,Grenoble-Alpes Métropole,,GRENOBLE - Quai Stéphane Jay,Voirie,GRENOBLE - Quai Stéphane Jay,38185,"5.725525,45.19302",1,,22.0,1,1,0,0,0,1,1,0.0,,,Accès libre,0,Mo-Su 00:00-23:59,FALSE,Direct,0,2019-06-21,,2023-03-17,
Grenoble-Alpes Métropole,123456789.0,support@alizecharge.fr,Bouygues E&S,support@alizecharge.fr,805021503,Grenoble-Alpes Métropole,,GIERES - Parking Relais Gières Plaine des Sports,Voirie,Rue des Glairons 38610 GIERES,38179,"5.7836658,45.1881051",6,,7.4,1,1,0,0,0,1,1,0.0,,,Accès libre,0,Mo-Su 00:00-23:59,FALSE,Direct,0,2023-03-10,,2023-03-17,
Grenoble-Alpes Métropole,123456789.0,support@alizecharge.fr,Bouygues E&S,support@alizecharge.fr,805025898,Grenoble-Alpes Métropole,,PALLUEL - Parking Le Fontanil Cornillon,Voirie,Rue des Mûriers 38120 PALLUEL,38170,"5.6607537,45.2541131",8,,7.4,1,1,0,0,0,1,1,0.0,,,Accès libre,0,Mo-Su 00:00-23:59,FALSE,Direct,0,2022-11-30,,2023-03-17,
Grenoble-Alpes Métropole,123456789.0,support@alizecharge.fr,Bouygues E&S,support@alizecharge.fr,805025897,Grenoble-Alpes Métropole,,PALLUEL - Parking Le Fontanil Cornillon,Voirie,Rue des Mûriers 38120 PALLUEL,38170,"5.6607537,45.2541131",8,,7.4,1,1,0,0,0,1,1,0.0,,,Accès libre,0,Mo-Su 00:00-23:59,FALSE,Direct,0,2022-11-30,,2023-03-17,
Grenoble-Alpes Métropole,123456789.0,support@alizecharge.fr,Bouygues E&S,support@alizecharge.fr,805025895,Grenoble-Alpes Métropole,,GRENOBLE - Place De Lavalette - ND - Musée,Voirie,GRENOBLE - Place De Lavalette - ND - Musée,38185,"5.731627,45.19407",1,,22.0,1,1,0,0,0,1,1,0.0,,,Accès libre,0,Mo-Su 00:00-23:59,FALSE,Direct,0,2019-08-01,,2023-03-17,
Grenoble-Alpes Métropole,123456789.0,support@alizecharge.fr,Bouygues E&S,support@alizecharge.fr,805025894,Grenoble-Alpes Métropole,,GRENOBLE - Rue Jacquard - Balzac,Voirie,GRENOBLE - Rue Jacquard - Balzac,38185,"5.724746,45.17461",1,,22.0,1,1,0,0,0,1,1,0.0,,,Accès libre,0,Mo-Su 00:00-23:59,FALSE,Direct,0,2019-08-01,,2023-03-17,
Grenoble-Alpes Métropole,123456789.0,support@alizecharge.fr,Bouygues E&S,support@alizecharge.fr,805025891,Grenoble-Alpes Métropole,,GRENOBLE - Rue Jules Horowitz - Horowitz,Voirie,GRENOBLE - Rue Jules Horowitz - Horowitz,38185,"5.699334,45.20505",1,,22.0,1,1,0,0,0,1,1,0.0,,,Accès libre,0,Mo-Su 00:00-23:59,FALSE,Direct,0,2019-07-02,,2023-03-17,
Grenoble-Alpes Métropole,123456789.0,support@alizecharge.fr,Bouygues E&S,support@alizecharge.fr,805025914,Grenoble-Alpes Métropole,,SAINT-MARTIN-D'HERES - Avenue Centrale - BU,Voirie,SAINT-MARTIN-D'HERES - Avenue Centrale - BU,38421,"5.769781,45.1916",1,,22.0,1,1,0,0,0,1,1,0.0,,,Accès libre,0,Mo-Su 00:00-23:59,FALSE,Direct,0,2019-09-05,,2023-03-17,
Grenoble-Alpes Métropole,123456789.0,support@alizecharge.fr,Bouygues E&S,support@alizecharge.fr,805025913,Grenoble-Alpes Métropole,,SEYSSINS - Parking Le Prisme,Voirie,Allée Roger Rahon 38180 SEYSSINS,38486,"5.691263,45.165259",5,,7.4,1,1,0,0,0,1,1,0.0,,,Accès libre,0,Mo-Su 00:00-23:59,FALSE,Direct,0,2022-11-25,,2023-03-17,
Grenoble-Alpes Métropole,123456789.0,support@alizecharge.fr,Bouygues E&S,support@alizecharge.fr,805025912,Grenoble-Alpes Métropole,,SEYSSINS - Parking Le Prisme,Voirie,Allée Roger Rahon 38180 SEYSSINS,38486,"5.691263,45.165259",5,,7.4,1,1,0,0,0,1,1,0.0,,,Accès libre,0,Mo-Su 00:00-23:59,FALSE,Direct,0,2022-11-25,,2023-03-17,
Grenoble-Alpes Métropole,123456789.0,support@alizecharge.fr,Bouygues E&S,support@alizecharge.fr,805025911,Grenoble-Alpes Métropole,,SEYSSINS - Parking Le Prisme,Voirie,Allée Roger Rahon 38180 SEYSSINS,38486,"5.691263,45.165259",5,,7.4,1,1,0,0,0,1,1,0.0,,,Accès libre,0,Mo-Su 00:00-23:59,FALSE,Direct,0,2023-01-18,,2023-03-17,
Grenoble-Alpes Métropole,123456789.0,support@alizecharge.fr,Bouygues E&S,support@alizecharge.fr,805025910,Grenoble-Alpes Métropole,,SEYSSINS - Parking Le Prisme,Voirie,Allée Roger Rahon 38180 SEYSSINS,38486,"5.691263,45.165259",5,,7.4,1,1,0,0,0,1,1,0.0,,,Accès libre,0,Mo-Su 00:00-23:59,FALSE,Direct,0,2023-01-07,,2023-03-17,
Grenoble-Alpes Métropole,123456789.0,support@alizecharge.fr,Bouygues E&S,support@alizecharge.fr,805025908,Grenoble-Alpes Métropole,,MEYLAN - Allée Des Amphores,Voirie,MEYLAN - Allée Des Amphores,38185,"5.786497,45.21114",3,,22.0,0,0,0,1,0,1,1,0.0,,,Accès libre,0,Mo-Su 00:00-23:59,FALSE,Direct,0,2022-08-11,,2023-03-17,
Grenoble-Alpes Métropole,123456789.0,support@alizecharge.fr,Bouygues E&S,support@alizecharge.fr,805025906,Grenoble-Alpes Métropole,,MEYLAN - Allée Des Amphores,Voirie,MEYLAN - Allée Des Amphores,38185,"5.786497,45.21114",3,,22.0,0,0,1,0,0,1,1,0.0,,,Accès libre,0,Mo-Su 00:00-23:59,FALSE,Direct,0,2022-07-25,,2023-03-17,
Grenoble-Alpes Métropole,123456789.0,support@alizecharge.fr,Bouygues E&S,support@alizecharge.fr,805024808,Grenoble-Alpes Métropole,,GRENOBLE - Cours De La Libération Et Du Général De Gaulle - Louise Michel,Voirie,GRENOBLE - Cours De La Libération Et Du Général De Gaulle - Louise Michel,38185,"5.712591,45.16981",1,,22.0,1,1,0,0,0,1,1,0.0,,,Accès libre,0,Mo-Su 00:00-23:59,FALSE,Direct,0,2019-08-12,,2023-03-17,
Grenoble-Alpes Métropole,123456789.0,support@alizecharge.fr,Bouygues E&S,support@alizecharge.fr,805026355,Grenoble-Alpes Métropole,,SAINT-MARTIN-D'HERES - Etienne Grappe,Voirie,Rue Henri Wallon 38400 SAINT-MARTIN-D'HERES,38421,"5.757846,45.171972",2,,22.0,1,1,0,0,0,1,1,0.0,,,Accès libre,0,Mo-Su 00:00-23:59,FALSE,Direct,0,2023-02-24,,2023-03-17,
Grenoble-Alpes Métropole,123456789.0,support@alizecharge.fr,Bouygues E&S,support@alizecharge.fr,805026353,Grenoble-Alpes Métropole,,SAINT-EGREVE - Parking  Karben,Voirie,15 Route de Lyon 38120 SAINT-EGREVE,38382,"5.6692959,45.24273237",3,,7.4,1,1,0,0,0,1,1,0.0,,,Accès libre,0,Mo-Su 00:00-23:59,FALSE,Direct,0,2022-11-29,,2023-03-17,
Grenoble-Alpes Métropole,123456789.0,support@alizecharge.fr,Bouygues E&S,support@alizecharge.fr,805026347,Grenoble-Alpes Métropole,,GIERES - Rue De La Gare,Voirie,GIERES - Rue De La Gare,38185,"5.784519,45.18462",1,,22.0,1,1,0,0,0,1,1,0.0,,,Accès libre,0,Mo-Su 00:00-23:59,FALSE,Direct,0,2019-10-11,,2023-03-17,
Grenoble-Alpes Métropole,123456789.0,support@alizecharge.fr,Bouygues E&S,support@alizecharge.fr,805024990,Grenoble-Alpes Métropole,,GRENOBLE - Rue Thiers,Voirie,GRENOBLE - Rue Thiers,38185,"5.719674,45.18509",1,,22.0,1,1,0,0,0,1,1,0.0,,,Accès libre,0,Mo-Su 00:00-23:59,FALSE,Direct,0,2019-06-26,,2023-03-17,
Grenoble-Alpes Métropole,123456789.0,support@alizecharge.fr,Bouygues E&S,support@alizecharge.fr,805025408,Grenoble-Alpes Métropole,,SEYSSINS - Parking Le Prisme (CITIZ),Voirie,Parking Le Prisme (CITIZ) 38180 SEYSSINS,38486,"5.695,45.165259",1,,7.4,1,1,0,0,0,1,1,0.0,,,Accès libre,0,Mo-Su 00:00-23:59,FALSE,Direct,0,2022-12-30,,2023-03-17,
Grenoble-Alpes Métropole,123456789.0,support@alizecharge.fr,Bouygues E&S,support@alizecharge.fr,805025401,Grenoble-Alpes Métropole,,ECHIROLLES - Avenue de la République,Voirie,Avenue de la République 38130 ECHIROLLES,38151,"5.721625,45.139902",2,,14.0,1,1,0,0,0,1,1,0.0,,,Accès libre,0,Mo-Su 00:00-23:59,FALSE,Direct,0,2022-08-05,,2023-03-17,
Grenoble-Alpes Métropole,123456789.0,support@alizecharge.fr,Bouygues E&S,support@alizecharge.fr,805025398,Grenoble-Alpes Métropole,,LA TRONCHE - Avenue De L'Obiou (CITIZ),Voirie,Avenue De L'Obiou (CITIZ) 38700 LA TRONCHE,38516,"5.7508,45.19941",1,,7.4,1,1,0,0,0,1,1,0.0,,,Accès libre,0,Mo-Su 00:00-23:59,FALSE,Direct,0,2021-05-13,,2023-03-17,
Grenoble-Alpes Métropole,123456789.0,support@alizecharge.fr,Bouygues E&S,support@alizecharge.fr,805025396,Grenoble-Alpes Métropole,,SARCENAS - Parking Route du Charmant Som,Voirie,445 Route du Charmant Som 38700 SARCENAS,38472,"5.7657409,45.2941808",2,,22.0,1,1,0,0,0,1,1,0.0,,,Accès libre,0,Mo-Su 00:00-23:59,FALSE,Direct,0,2023-01-19,,2023-03-17,
Grenoble-Alpes Métropole,123456789.0,support@alizecharge.fr,Bouygues E&S,support@alizecharge.fr,805025394,Grenoble-Alpes Métropole,,VARCES-ALLIERES-ET-RISSET - Le parking-relais du Grand Rochefort,Voirie,D1075 Le grand Rochefort 38760 VARCES-ALLIERES-ET-RISSET,38524,"5.6865667,45.1031403",4,,7.4,1,1,0,0,0,1,1,0.0,,,Accès libre,0,Mo-Su 00:00-23:59,FALSE,Direct,0,2023-03-13,,2023-03-17,
Grenoble-Alpes Métropole,123456789.0,support@alizecharge.fr,Bouygues E&S,support@alizecharge.fr,805025392,Grenoble-Alpes Métropole,,VARCES-ALLIERES-ET-RISSET - Le parking-relais du Grand Rochefort,Voirie,D1075 Le grand Rochefort 38760 VARCES-ALLIERES-ET-RISSET,38524,"5.6865667,45.1031403",4,,7.4,1,1,0,0,0,1,1,0.0,,,Accès libre,0,Mo-Su 00:00-23:59,FALSE,Direct,0,2023-03-13,,2023-03-17,
Grenoble-Alpes Métropole,123456789.0,support@alizecharge.fr,Bouygues E&S,support@alizecharge.fr,805025389,Grenoble-Alpes Métropole,,PONT-DE-CLAIX - Parking-Relais L'Etoile,Voirie,PONT-DE-CLAIX - Parking-Relais L'Etoile,38317,"5.703982,45.13755",4,,22.0,1,1,0,0,0,1,1,0.0,,,Accès libre,0,Mo-Su 00:00-23:59,FALSE,Direct,0,2021-06-03,,2023-03-17,
Grenoble-Alpes Métropole,123456789.0,support@alizecharge.fr,Bouygues E&S,support@alizecharge.fr,805025433,Grenoble-Alpes Métropole,,ECHIROLLES - Parking Relais Échirolles - Gare,Voirie,Rue de Provence 38130 ECHIROLLES,38151,"5.7191342,45.1532227",6,,7.4,1,1,0,0,0,1,1,0.0,,,Accès libre,0,Mo-Su 00:00-23:59,FALSE,Direct,0,2023-03-03,,2023-03-17,
Grenoble-Alpes Métropole,123456789.0,support@alizecharge.fr,Bouygues E&S,support@alizecharge.fr,805025440,Grenoble-Alpes Métropole,,GRENOBLE - Alpexpo - Rue Henri Barbusse,Voirie,Rue Henri Barbusse 38100 GRENOBLE,38185,"5.7356288,45.1566238",2,,22.0,1,1,0,0,0,1,1,0.0,,,Accès libre,0,Mo-Su 00:00-23:59,FALSE,Direct,0,2023-03-02,,2023-03-17,
Grenoble-Alpes Métropole,123456789.0,support@alizecharge.fr,Bouygues E&S,support@alizecharge.fr,805025437,Grenoble-Alpes Métropole,,CLAIX - Place du Champ de Foire,Voirie,Place du Champ de Foire 38640 CLAIX,38111,"5.67071661,45.11932681",1,,25.0,1,1,1,1,0,1,1,0.0,,,Accès libre,0,Mo-Su 00:00-23:59,FALSE,Direct,0,2023-01-19,,2023-03-17,
Grenoble-Alpes Métropole,123456789.0,support@alizecharge.fr,Bouygues E&S,support@alizecharge.fr,805025436,Grenoble-Alpes Métropole,,SAINT-MARTIN-D'HERES - Rue De La Houille Blanche - Les taillées,Voirie,SAINT-MARTIN-D'HERES - Rue De La Houille Blanche - Les taillées,38421,"5.757221,45.19191",1,,22.0,1,1,0,0,0,1,1,0.0,,,Accès libre,0,Mo-Su 00:00-23:59,FALSE,Direct,0,2019-10-11,,2023-03-17,
Grenoble-Alpes Métropole,123456789.0,support@alizecharge.fr,Bouygues E&S,support@alizecharge.fr,805025434,Grenoble-Alpes Métropole,,ECHIROLLES - Parking Relais Échirolles - Gare,Voirie,Rue de Provence 38130 ECHIROLLES,38151,"5.7191342,45.1532227",6,,7.4,1,1,0,0,0,1,1,0.0,,,Accès libre,0,Mo-Su 00:00-23:59,FALSE,Direct,0,2022-08-05,,2023-03-17,
Grenoble-Alpes Métropole,123456789.0,support@alizecharge.fr,Bouygues E&S,support@alizecharge.fr,805025432,Grenoble-Alpes Métropole,,ECHIROLLES - Parking Relais Échirolles - Gare,Voirie,Rue de Provence 38130 ECHIROLLES,38151,"5.7191342,45.1532227",6,,7.4,1,1,0,0,0,1,1,0.0,,,Accès libre,0,Mo-Su 00:00-23:59,FALSE,Direct,0,2023-03-03,,2023-03-17,
Grenoble-Alpes Métropole,123456789.0,support@alizecharge.fr,Bouygues E&S,support@alizecharge.fr,805025431,Grenoble-Alpes Métropole,,ECHIROLLES - Parking Relais Échirolles - Gare,Voirie,Rue de Provence 38130 ECHIROLLES,38151,"5.7191342,45.1532227",6,,7.4,1,1,0,0,0,1,1,0.0,,,Accès libre,0,Mo-Su 00:00-23:59,FALSE,Direct,0,2022-08-05,,2023-03-17,
Grenoble-Alpes Métropole,123456789.0,support@alizecharge.fr,Bouygues E&S,support@alizecharge.fr,805025386,Grenoble-Alpes Métropole,,PONT-DE-CLAIX - Parking-Relais L'Etoile,Voirie,PONT-DE-CLAIX - Parking-Relais L'Etoile,38317,"5.703982,45.13755",4,,22.0,1,1,0,0,0,1,1,0.0,,,Accès libre,0,Mo-Su 00:00-23:59,FALSE,Direct,0,2020-12-17,,2023-03-17,
Grenoble-Alpes Métropole,123456789.0,support@alizecharge.fr,Bouygues E&S,support@alizecharge.fr,805025353,Grenoble-Alpes Métropole,,SASSENAGE - Mairie de Sassenage,Voirie,1 Place de la Libération 38360 SASSENAGE,38474,"5.66369443,45.20678538",2,,22.0,1,1,0,0,0,1,1,0.0,,,Accès libre,0,Mo-Su 00:00-23:59,FALSE,Direct,0,2022-11-29,,2023-03-17,
Grenoble-Alpes Métropole,123456789.0,support@alizecharge.fr,Bouygues E&S,support@alizecharge.fr,805025352,Grenoble-Alpes Métropole,,SASSENAGE - Mairie de Sassenage,Voirie,1 Place de la Libération 38360 SASSENAGE,38474,"5.66369443,45.20678538",2,,22.0,1,1,0,0,0,1,1,0.0,,,Accès libre,0,Mo-Su 00:00-23:59,FALSE,Direct,0,2022-11-29,,2023-03-17,
Grenoble-Alpes Métropole,123456789.0,support@alizecharge.fr,Bouygues E&S,support@alizecharge.fr,805025342,Grenoble-Alpes Métropole,,EYBENS - Parking Relais Eybens Le Verderet,Voirie,Avenue des Maquis de l'Oisans 38320 EYBENS,38158,"5.7547996,45.1470172",2,,7.4,1,1,0,0,0,1,1,0.0,,,Accès libre,0,Mo-Su 00:00-23:59,FALSE,Direct,0,2023-03-16,,2023-03-17,
Grenoble-Alpes Métropole,123456789.0,support@alizecharge.fr,Bouygues E&S,support@alizecharge.fr,805025355,Grenoble-Alpes Métropole,,GRENOBLE - Rue Albert Reynier (Lesdiguières),Voirie,12 Rue Albert Reynier 38100 GRENOBLE,38185,"5.7056218,45.1669329",2,,14.0,1,1,0,0,0,1,1,0.0,,,Accès libre,0,Mo-Su 00:00-23:59,FALSE,Direct,0,2023-02-13,,2023-03-17,
Grenoble-Alpes Métropole,123456789.0,support@alizecharge.fr,Bouygues E&S,support@alizecharge.fr,805025356,Grenoble-Alpes Métropole,,GRENOBLE - Rue Albert Reynier (Lesdiguières),Voirie,12 Rue Albert Reynier 38100 GRENOBLE,38185,"5.7056218,45.1669329",2,,22.0,1,1,0,0,0,1,1,0.0,,,Accès libre,0,Mo-Su 00:00-23:59,FALSE,Direct,0,2023-02-13,,2023-03-17,
Grenoble-Alpes Métropole,123456789.0,support@alizecharge.fr,Bouygues E&S,support@alizecharge.fr,805025357,Grenoble-Alpes Métropole,,VIZILLE - Domaine Vizille,Voirie,Rue Emelie Cros 38100 VIZILLE,38185,"5.772369,45.07475",1,,25.0,1,1,1,1,0,1,1,0.0,,,Accès libre,0,Mo-Su 00:00-23:59,FALSE,Direct,0,2023-03-02,,2023-03-17,
Grenoble-Alpes Métropole,123456789.0,support@alizecharge.fr,Bouygues E&S,support@alizecharge.fr,805025384,Grenoble-Alpes Métropole,,PONT-DE-CLAIX - Parking-Relais L'Etoile,Voirie,PONT-DE-CLAIX - Parking-Relais L'Etoile,38317,"5.703982,45.13755",4,,22.0,1,1,0,0,0,1,1,0.0,,,Accès libre,0,Mo-Su 00:00-23:59,FALSE,Direct,0,2020-12-10,,2023-03-17,
Grenoble-Alpes Métropole,123456789.0,support@alizecharge.fr,Bouygues E&S,support@alizecharge.fr,805025380,Grenoble-Alpes Métropole,,SAINT-EGREVE - Parking  Karben,Voirie,15 Route de Lyon 38120 SAINT-EGREVE,38382,"5.6692959,45.24273237",3,,7.4,1,1,0,0,0,1,1,0.0,,,Accès libre,0,Mo-Su 00:00-23:59,FALSE,Direct,0,2022-11-29,,2023-03-17,
Grenoble-Alpes Métropole,123456789.0,support@alizecharge.fr,Bouygues E&S,support@alizecharge.fr,805025379,Grenoble-Alpes Métropole,,SAINT-EGREVE - Parking  Karben,Voirie,15 Route de Lyon 38120 SAINT-EGREVE,38382,"5.6692959,45.24273237",3,,7.4,1,1,0,0,0,1,1,0.0,,,Accès libre,0,Mo-Su 00:00-23:59,FALSE,Direct,0,2022-11-29,,2023-03-17,
Grenoble-Alpes Métropole,123456789.0,support@alizecharge.fr,Bouygues E&S,support@alizecharge.fr,805025378,Grenoble-Alpes Métropole,,GRENOBLE - Rue Arago,Voirie,Rue Arago 38000 GRENOBLE,38185,"5.7129556,45.1959958",1,,22.0,1,1,0,0,0,1,1,0.0,,,Accès libre,0,Mo-Su 00:00-23:59,FALSE,Direct,0,2022-09-29,,2023-03-17,
Grenoble-Alpes Métropole,123456789.0,support@alizecharge.fr,Bouygues E&S,support@alizecharge.fr,805025376,Grenoble-Alpes Métropole,,SEYSSINET-PARISET - Rue Lamartine,Voirie,SEYSSINET-PARISET - Rue Lamartine,38485,"5.695541,45.17999",1,,22.0,1,1,0,0,0,1,1,0.0,,,Accès libre,0,Mo-Su 00:00-23:59,FALSE,Direct,0,2019-05-30,,2023-03-17,
Grenoble-Alpes Métropole,123456789.0,support@alizecharge.fr,Bouygues E&S,support@alizecharge.fr,805025374,Grenoble-Alpes Métropole,,LA TRONCHE - Hôpital Couple Enfant,Voirie,Quai Yermoloff 38700 LA TRONCHE,38516,"5.7407641,45.2017975",1,,25.0,1,1,1,1,0,1,1,0.0,,,Accès libre,0,Mo-Su 00:00-23:59,FALSE,Direct,0,2023-02-09,,2023-03-17,
Grenoble-Alpes Métropole,123456789.0,support@alizecharge.fr,Bouygues E&S,support@alizecharge.fr,805025370,Grenoble-Alpes Métropole,,VIF - Parking du 8 mai 1945,Voirie,Avenue du 8 mai 1945 38450 VIF,38545,"5.677614,45.053347",2,,22.0,1,1,0,0,0,1,1,0.0,,,Accès libre,0,Mo-Su 00:00-23:59,FALSE,Direct,0,2023-02-24,,2023-03-17,
Grenoble-Alpes Métropole,123456789.0,support@alizecharge.fr,Bouygues E&S,support@alizecharge.fr,805025359,Grenoble-Alpes Métropole,,GRENOBLE - Place André Malraux - CCI (CITIZ),Voirie,Place André Malraux - CCI (CITIZ) 38000 GRENOBLE,38185,"5.729,45.18551",1,,7.4,1,1,0,0,0,1,1,0.0,,,Accès libre,0,Mo-Su 00:00-23:59,FALSE,Direct,0,2021-05-13,,2023-03-17,
Grenoble-Alpes Métropole,123456789.0,support@alizecharge.fr,Bouygues E&S,support@alizecharge.fr,805025522,Grenoble-Alpes Métropole,,SEYSSINET-PARISET - Parking Lamartine,Voirie,Rue Lamartine  38170 SEYSSINET-PARISET,38485,"5.69592,45.17965",2,,7.4,1,1,0,0,0,1,1,0.0,,,Accès libre,0,Mo-Su 00:00-23:59,FALSE,Direct,0,2023-01-25,,2023-03-17,
Grenoble-Alpes Métropole,123456789.0,support@alizecharge.fr,Bouygues E&S,support@alizecharge.fr,805025516,Grenoble-Alpes Métropole,,PONT-DE-CLAIX - Parking-Relais L'Etoile,Voirie,PONT-DE-CLAIX - Parking-Relais L'Etoile,38317,"5.703982,45.13755",4,,22.0,1,1,0,0,0,1,1,0.0,,,Accès libre,0,Mo-Su 00:00-23:59,FALSE,Direct,0,2021-01-24,,2023-03-17,
Grenoble-Alpes Métropole,123456789.0,support@alizecharge.fr,Bouygues E&S,support@alizecharge.fr,805025504,Grenoble-Alpes Métropole,,MEYLAN - Allée Des Amphores,Voirie,MEYLAN - Allée Des Amphores,38185,"5.786497,45.21114",3,,22.0,1,1,0,0,0,1,1,0.0,,,Accès libre,0,Mo-Su 00:00-23:59,FALSE,Direct,0,2019-08-02,,2023-03-17,
Grenoble-Alpes Métropole,123456789.0,support@alizecharge.fr,Bouygues E&S,support@alizecharge.fr,805025497,Grenoble-Alpes Métropole,,PALLUEL - Parking Le Fontanil Cornillon,Voirie,Rue des Mûriers 38120 PALLUEL,38170,"5.6607537,45.2541131",8,,7.4,1,1,0,0,0,1,1,0.0,,,Accès libre,0,Mo-Su 00:00-23:59,FALSE,Direct,0,2022-11-30,,2023-03-17,
Grenoble-Alpes Métropole,123456789.0,support@alizecharge.fr,Bouygues E&S,support@alizecharge.fr,805025495,Grenoble-Alpes Métropole,,GRENOBLE - Place Jean Achard,Voirie,GRENOBLE - Place Jean Achard,38185,"5.72939,45.18938",2,,7.4,1,1,0,0,0,1,1,0.0,,,Accès libre,0,Mo-Su 00:00-23:59,FALSE,Direct,0,2022-03-19,,2023-03-17,
Grenoble-Alpes Métropole,123456789.0,support@alizecharge.fr,Bouygues E&S,support@alizecharge.fr,805025492,Grenoble-Alpes Métropole,,GRENOBLE - Avenue Doyen Louis Weil - Gare Schuman,Voirie,GRENOBLE - Avenue Doyen Louis Weil - Gare Schuman,38185,"5.71311,45.1918",1,,22.0,1,1,0,0,0,1,1,0.0,,,Accès libre,0,Mo-Su 00:00-23:59,FALSE,Direct,0,2019-08-02,,2023-03-17,
Grenoble-Alpes Métropole,123456789.0,support@alizecharge.fr,Bouygues E&S,support@alizecharge.fr,805024231,Grenoble-Alpes Métropole,,ECHIROLLES - Parking Relais Échirolles - Gare,Voirie,Rue de Provence 38130 ECHIROLLES,38151,"5.7191342,45.1532227",6,,7.4,1,1,0,0,0,1,1,0.0,,,Accès libre,0,Mo-Su 00:00-23:59,FALSE,Direct,0,2023-03-03,,2023-03-17,
Grenoble-Alpes Métropole,123456789.0,support@alizecharge.fr,Bouygues E&S,support@alizecharge.fr,805024058,Grenoble-Alpes Métropole,,GRENOBLE - Avenue Des Martyrs - CEA Cambridge,Voirie,GRENOBLE - Avenue Des Martyrs - CEA Cambridge,38185,"5.704735,45.2022",1,,22.0,1,1,0,0,0,1,1,0.0,,,Accès libre,0,Mo-Su 00:00-23:59,FALSE,Direct,0,2019-07-04,,2023-03-17,
Grenoble-Alpes Métropole,123456789.0,support@alizecharge.fr,Bouygues E&S,support@alizecharge.fr,805023872,Grenoble-Alpes Métropole,,GRENOBLE - Rue Victor Lastella - Chambre des Métiers (CITIZ),Voirie,Chambre des Métiers (CITIZ) 38000 GRENOBLE,38185,"5.705,45.1844",1,,7.4,1,1,0,0,0,1,1,0.0,,,Accès libre,0,Mo-Su 00:00-23:59,FALSE,Direct,0,2021-05-06,,2023-03-17,
Grenoble-Alpes Métropole,123456789.0,support@alizecharge.fr,Bouygues E&S,support@alizecharge.fr,805024059,Grenoble-Alpes Métropole,,GIERES - Parking Relais Gières Plaine des Sports,Voirie,Rue des Glairons 38610 GIERES,38179,"5.7836658,45.1881051",6,,7.4,1,1,0,0,0,1,1,0.0,,,Accès libre,0,Mo-Su 00:00-23:59,FALSE,Direct,0,2023-03-10,,2023-03-17,
Grenoble-Alpes Métropole,123456789.0,support@alizecharge.fr,Bouygues E&S,support@alizecharge.fr,805024173,Grenoble-Alpes Métropole,,PALLUEL - Parking Le Fontanil Cornillon,Voirie,Rue des Mûriers 38120 PALLUEL,38170,"5.6607537,45.2541131",8,,7.4,1,1,0,0,0,1,1,0.0,,,Accès libre,0,Mo-Su 00:00-23:59,FALSE,Direct,0,2022-11-30,,2023-03-17,
Grenoble-Alpes Métropole,123456789.0,support@alizecharge.fr,Bouygues E&S,support@alizecharge.fr,805024121,Grenoble-Alpes Métropole,,ECHIROLLES - Parking Relais Échirolles - Gare,Voirie,Rue de Provence 38130 ECHIROLLES,38151,"5.7191342,45.1532227",6,,7.4,1,1,0,0,0,1,1,0.0,,,Accès libre,0,Mo-Su 00:00-23:59,FALSE,Direct,0,2023-03-03,,2023-03-17,
Grenoble-Alpes Métropole,123456789.0,support@alizecharge.fr,Bouygues E&S,support@alizecharge.fr,805024485,Grenoble-Alpes Métropole,,GRENOBLE - Place Dr Léon Martin - Vaucanson,Voirie,GRENOBLE - Place Dr Léon Martin - Vaucanson,38185,"5.727782,45.18818",3,,22.0,1,1,0,0,0,1,1,0.0,,,Accès libre,0,Mo-Su 00:00-23:59,FALSE,Direct,0,2019-08-05,,2023-03-17,
Grenoble-Alpes Métropole,123456789.0,support@alizecharge.fr,Bouygues E&S,support@alizecharge.fr,805024487,Grenoble-Alpes Métropole,,GRENOBLE - Place Dr Léon Martin - Vaucanson,Voirie,GRENOBLE - Place Dr Léon Martin - Vaucanson,38185,"5.727782,45.18818",3,,7.4,1,1,0,0,0,1,1,0.0,,,Accès libre,0,Mo-Su 00:00-23:59,FALSE,Direct,0,2021-07-29,,2023-03-17,
Grenoble-Alpes Métropole,123456789.0,support@alizecharge.fr,Bouygues E&S,support@alizecharge.fr,805024342,Grenoble-Alpes Métropole,,SEYSSINS - Parking Le Prisme,Voirie,Allée Roger Rahon 38180 SEYSSINS,38486,"5.691263,45.165259",5,,7.4,1,1,0,0,0,1,1,0.0,,,Accès libre,0,Mo-Su 00:00-23:59,FALSE,Direct,0,2022-12-20,,2023-03-17,
Grenoble-Alpes Métropole,123456789.0,support@alizecharge.fr,Bouygues E&S,support@alizecharge.fr,805024335,Grenoble-Alpes Métropole,,PALLUEL - Parking Le Fontanil Cornillon,Voirie,Rue des Mûriers 38120 PALLUEL,38170,"5.6607537,45.2541131",8,,7.4,1,1,0,0,0,1,1,0.0,,,Accès libre,0,Mo-Su 00:00-23:59,FALSE,Direct,0,2022-11-30,,2023-03-17,
Grenoble-Alpes Métropole,123456789.0,support@alizecharge.fr,Bouygues E&S,support@alizecharge.fr,805024336,Grenoble-Alpes Métropole,,VARCES-ALLIERES-ET-RISSET - Le parking-relais du Grand Rochefort,Voirie,D1075 Le grand Rochefort 38760 VARCES-ALLIERES-ET-RISSET,38524,"5.6865667,45.1031403",4,,7.4,1,1,0,0,0,1,1,0.0,,,Accès libre,0,Mo-Su 00:00-23:59,FALSE,Direct,0,2023-03-13,,2023-03-17,
Grenoble-Alpes Métropole,123456789.0,support@alizecharge.fr,Bouygues E&S,support@alizecharge.fr,805024340,Grenoble-Alpes Métropole,,SARCENAS - Parking Route du Charmant Som,Voirie,445 Route du Charmant Som 38700 SARCENAS,38472,"5.7657409,45.2941808",2,,14.0,1,1,0,0,0,1,1,0.0,,,Accès libre,0,Mo-Su 00:00-23:59,FALSE,Direct,0,2023-01-19,,2023-03-17,
Grenoble-Alpes Métropole,123456789.0,support@alizecharge.fr,Bouygues E&S,support@alizecharge.fr,805024739,Grenoble-Alpes Métropole,,ECHIROLLES - Avenue de la République,Voirie,Avenue de la République 38130 ECHIROLLES,38151,"5.721625,45.139902",2,,22.0,1,1,0,0,0,1,1,0.0,,,Accès libre,0,Mo-Su 00:00-23:59,FALSE,Direct,0,2023-03-07,,2023-03-17,
Grenoble-Alpes Métropole,123456789.0,support@alizecharge.fr,Bouygues E&S,support@alizecharge.fr,805024761,Grenoble-Alpes Métropole,,VIF - Parking du 8 mai 1945,Voirie,Avenue du 8 mai 1945 38450 VIF,38545,"5.677614,45.053347",2,,14.0,1,1,0,0,0,1,1,0.0,,,Accès libre,0,Mo-Su 00:00-23:59,FALSE,Direct,0,2023-02-24,,2023-03-17,
Grenoble-Alpes Métropole,123456789.0,support@alizecharge.fr,Bouygues E&S,support@alizecharge.fr,805024589,Grenoble-Alpes Métropole,,LA TRONCHE - Avenue De L'Obiou,Voirie,LA TRONCHE - Avenue De L'Obiou,38516,"5.750434,45.19941",2,,7.4,1,1,0,0,0,1,1,0.0,,,Accès libre,0,Mo-Su 00:00-23:59,FALSE,Direct,0,2021-05-11,,2023-03-17,
Grenoble-Alpes Métropole,123456789.0,support@alizecharge.fr,Bouygues E&S,support@alizecharge.fr,805024591,Grenoble-Alpes Métropole,,PONT-DE-CLAIX - Rue Stalingrad,Voirie,Rue Stalingrad 38800 PONT-DE-CLAIX,38317,"5.698552,45.123416",4,,22.0,1,1,0,0,0,1,1,0.0,,,Accès libre,0,Mo-Su 00:00-23:59,FALSE,Direct,0,2021-07-02,,2023-03-17,
Grenoble-Alpes Métropole,123456789.0,support@alizecharge.fr,Bouygues E&S,support@alizecharge.fr,805024592,Grenoble-Alpes Métropole,,PONT-DE-CLAIX - Rue Stalingrad,Voirie,Rue Stalingrad 38800 PONT-DE-CLAIX,38317,"5.698552,45.123416",4,,22.0,1,1,0,0,0,1,1,0.0,,,Accès libre,0,Mo-Su 00:00-23:59,FALSE,Direct,0,2021-07-02,,2023-03-17,
Grenoble-Alpes Métropole,123456789.0,support@alizecharge.fr,Bouygues E&S,support@alizecharge.fr,805024594,Grenoble-Alpes Métropole,,PONT-DE-CLAIX - Rue Stalingrad,Voirie,Rue Stalingrad 38800 PONT-DE-CLAIX,38317,"5.698552,45.123416",4,,22.0,1,1,0,0,0,1,1,0.0,,,Accès libre,0,Mo-Su 00:00-23:59,FALSE,Direct,0,2021-07-02,,2023-03-17,
Grenoble-Alpes Métropole,123456789.0,support@alizecharge.fr,Bouygues E&S,support@alizecharge.fr,805024595,Grenoble-Alpes Métropole,,PONT-DE-CLAIX - Rue Stalingrad,Voirie,Rue Stalingrad 38800 PONT-DE-CLAIX,38317,"5.698552,45.123416",4,,22.0,1,1,0,0,0,1,1,0.0,,,Accès libre,0,Mo-Su 00:00-23:59,FALSE,Direct,0,2021-07-02,,2023-03-17,
Grenoble-Alpes Métropole,123456789.0,support@alizecharge.fr,Bouygues E&S,support@alizecharge.fr,805024603,Grenoble-Alpes Métropole,,SASSENAGE - Parking Relais Engenieres,Voirie,1 Rue des Engenières 38360 SASSENAGE,38474,"5.6597259,45.2210071",2,,7.4,1,1,0,0,0,1,1,0.0,,,Accès libre,0,Mo-Su 00:00-23:59,FALSE,Direct,0,2023-02-13,,2023-03-17,
Grenoble-Alpes Métropole,123456789.0,support@alizecharge.fr,Bouygues E&S,support@alizecharge.fr,805024605,Grenoble-Alpes Métropole,,GIERES - Parking Relais Gières Plaine des Sports,Voirie,Rue des Glairons 38610 GIERES,38179,"5.7836658,45.1881051",6,,7.4,1,1,0,0,0,1,1,0.0,,,Accès libre,0,Mo-Su 00:00-23:59,FALSE,Direct,0,2023-03-10,,2023-03-17,
Grenoble-Alpes Métropole,123456789.0,support@alizecharge.fr,Bouygues E&S,support@alizecharge.fr,805024608,Grenoble-Alpes Métropole,,GIERES - Parking Relais Gières Plaine des Sports,Voirie,Rue des Glairons 38610 GIERES,38179,"5.7836658,45.1881051",6,,7.4,1,1,0,0,0,1,1,0.0,,,Accès libre,0,Mo-Su 00:00-23:59,FALSE,Direct,0,2023-03-10,,2023-03-17,
Grenoble-Alpes Métropole,123456789.0,support@alizecharge.fr,Bouygues E&S,support@alizecharge.fr,805024609,Grenoble-Alpes Métropole,,GIERES - Parking Relais Gières Plaine des Sports,Voirie,Rue des Glairons 38610 GIERES,38179,"5.7836658,45.1881051",6,,7.4,1,1,0,0,0,1,1,0.0,,,Accès libre,0,Mo-Su 00:00-23:59,FALSE,Direct,0,2023-03-10,,2023-03-17,
Grenoble-Alpes Métropole,123456789.0,support@alizecharge.fr,Bouygues E&S,support@alizecharge.fr,805024611,Grenoble-Alpes Métropole,,FONTAINE - La Source : Avenue Aristide Briand,Voirie,Avenue Aristide Briand 38600 FONTAINE,38169,"5.68888,45.191096",2,,25.0,0,0,1,1,0,1,1,0.0,,,Accès libre,0,Mo-Su 00:00-23:59,FALSE,Direct,0,2022-12-06,,2023-03-17,
Grenoble-Alpes Métropole,123456789.0,support@alizecharge.fr,Bouygues E&S,support@alizecharge.fr,805024612,Grenoble-Alpes Métropole,,FONTAINE - La Source : Avenue Aristide Briand,Voirie,Avenue Aristide Briand 38600 FONTAINE,38169,"5.68888,45.191096",2,,22.0,1,1,0,0,0,1,1,0.0,,,Accès libre,0,Mo-Su 00:00-23:59,FALSE,Direct,0,2022-12-06,,2023-03-17,
Grenoble-Alpes Métropole,123456789.0,support@alizecharge.fr,Bouygues E&S,support@alizecharge.fr,805024614,Grenoble-Alpes Métropole,,GRENOBLE - Rue Marceau - Bonne,Voirie,GRENOBLE - Rue Marceau - Bonne,38185,"5.721397,45.1836",1,,22.0,1,1,0,0,0,1,1,0.0,,,Accès libre,0,Mo-Su 00:00-23:59,FALSE,Direct,0,2019-06-26,,2023-03-17,
Grenoble-Alpes Métropole,123456789.0,support@alizecharge.fr,Bouygues E&S,support@alizecharge.fr,805024615,Grenoble-Alpes Métropole,,SASSENAGE - Place Jean Prevost,Voirie,Place Jean Prevost 38360 SASSENAGE,38474,"5.6610845,45.213772",3,,7.4,1,1,0,0,0,1,1,0.0,,,Accès libre,0,Mo-Su 00:00-23:59,FALSE,Direct,0,2023-01-12,,2023-03-17,
Grenoble-Alpes Métropole,123456789.0,support@alizecharge.fr,Bouygues E&S,support@alizecharge.fr,805024575,Grenoble-Alpes Métropole,,SAINT-EGREVE - Espace Robert Fiat,Voirie,9 Avenue de la Monta 38120 SAINT-EGREVE,38382,"5.68385091,45.23229388",1,,25.0,1,1,1,1,0,1,1,0.0,,,Accès libre,0,Mo-Su 00:00-23:59,FALSE,Direct,0,2022-12-08,,2023-03-17,
Grenoble-Alpes Métropole,123456789.0,support@alizecharge.fr,Bouygues E&S,support@alizecharge.fr,805024576,Grenoble-Alpes Métropole,,GIERES - Rue De La Gare (CITIZ),Voirie,Rue De La Gare (CITIZ) 38610 GIERES,38179,"5.784,45.18462",1,,22.0,1,1,0,0,0,1,1,0.0,,,Accès libre,0,Mo-Su 00:00-23:59,FALSE,Direct,0,2019-08-06,,2023-03-17,
Grenoble-Alpes Métropole,123456789.0,support@alizecharge.fr,Bouygues E&S,support@alizecharge.fr,805024578,Grenoble-Alpes Métropole,,GRENOBLE - Rue Commandant Gilot - Dumont,Voirie,GRENOBLE - Rue Commandant Gilot - Dumont,38185,"5.72151,45.1814",1,,22.0,1,1,0,0,0,1,1,0.0,,,Accès libre,0,Mo-Su 00:00-23:59,FALSE,Direct,0,2019-08-04,,2023-03-17,
Grenoble-Alpes Métropole,123456789.0,support@alizecharge.fr,Bouygues E&S,support@alizecharge.fr,805024582,Grenoble-Alpes Métropole,,GRENOBLE - Rue Victor Lastella - Chambre des Métiers,Voirie,GRENOBLE - Rue Victor Lastella - Chambre des Métiers,38185,"5.704011,45.1844",2,,7.4,1,1,0,0,0,1,1,0.0,,,Accès libre,0,Mo-Su 00:00-23:59,FALSE,Direct,0,2021-05-06,,2023-03-17,
Grenoble-Alpes Métropole,123456789.0,support@alizecharge.fr,Bouygues E&S,support@alizecharge.fr,805024620,Grenoble-Alpes Métropole,,SASSENAGE - Place Jean Prevost,Voirie,Place Jean Prevost 38360 SASSENAGE,38474,"5.6610845,45.213772",3,,7.4,1,1,0,0,0,1,1,0.0,,,Accès libre,0,Mo-Su 00:00-23:59,FALSE,Direct,0,2022-12-27,,2023-03-17,
Grenoble-Alpes Métropole,123456789.0,support@alizecharge.fr,Bouygues E&S,support@alizecharge.fr,805024282,Grenoble-Alpes Métropole,,SASSENAGE - Place Jean Prevost,Voirie,Place Jean Prevost 38360 SASSENAGE,38474,"5.6610845,45.213772",1,,7.4,1,1,0,0,0,1,1,0.0,,,Accès libre,0,Mo-Su 00:00-23:59,FALSE,Direct,0,2022-12-10,,2023-03-17,
Grenoble-Alpes Métropole,123456789.0,support@alizecharge.fr,Bouygues E&S,support@alizecharge.fr,805024273,Grenoble-Alpes Métropole,,GRENOBLE - Place Saint-Bruno,Voirie,GRENOBLE - Place Saint-Bruno,38185,"5.713633,45.186",1,,22.0,1,1,0,0,0,1,1,0.0,,,Accès libre,0,Mo-Su 00:00-23:59,FALSE,Direct,0,2019-08-08,,2023-03-17,
Grenoble-Alpes Métropole,123456789.0,support@alizecharge.fr,Bouygues E&S,support@alizecharge.fr,805024276,Grenoble-Alpes Métropole,,GRENOBLE - Place André Malraux - CCI,Voirie,GRENOBLE - Place André Malraux - CCI,38185,"5.729505,45.18551",2,,22.0,1,1,0,0,0,1,1,0.0,,,Accès libre,0,Mo-Su 00:00-23:59,FALSE,Direct,0,2019-08-05,,2023-03-17,
Grenoble-Alpes Métropole,123456789.0,support@alizecharge.fr,Bouygues E&S,support@alizecharge.fr,805024277,Grenoble-Alpes Métropole,,LA TRONCHE - Avenue De L'Obiou,Voirie,LA TRONCHE - Avenue De L'Obiou,38516,"5.750434,45.19941",2,,22.0,1,1,0,0,0,1,1,0.0,,,Accès libre,0,Mo-Su 00:00-23:59,FALSE,Direct,0,2019-08-12,,2023-03-17,
Grenoble-Alpes Métropole,123456789.0,support@alizecharge.fr,Bouygues E&S,support@alizecharge.fr,805024280,Grenoble-Alpes Métropole,,GRENOBLE - Place Dr Léon Martin - Vaucanson,Voirie,GRENOBLE - Place Dr Léon Martin - Vaucanson,38185,"5.727782,45.18818",3,,7.4,1,1,0,0,0,1,1,0.0,,,Accès libre,0,Mo-Su 00:00-23:59,FALSE,Direct,0,2021-07-29,,2023-03-17,
Grenoble-Alpes Métropole,123456789.0,support@alizecharge.fr,Bouygues E&S,support@alizecharge.fr,805024268,Grenoble-Alpes Métropole,,GRENOBLE - Alpexpo - Rue Henri Barbusse,Voirie,Rue Henri Barbusse 38100 GRENOBLE,38185,"5.7356288,45.1566238",2,,14.0,1,1,0,0,0,1,1,0.0,,,Accès libre,0,Mo-Su 00:00-23:59,FALSE,Direct,0,2023-03-02,,2023-03-17,
Grenoble-Alpes Métropole,123456789.0,support@alizecharge.fr,Bouygues E&S,support@alizecharge.fr,805024259,Grenoble-Alpes Métropole,,PALLUEL - Parking Le Fontanil Cornillon,Voirie,Rue des Mûriers 38120 PALLUEL,38170,"5.6607537,45.2541131",8,,7.4,1,1,0,0,0,1,1,0.0,,,Accès libre,0,Mo-Su 00:00-23:59,FALSE,Direct,0,2022-11-30,,2023-03-17,
Grenoble-Alpes Métropole,123456789.0,support@alizecharge.fr,Bouygues E&S,support@alizecharge.fr,805024260,Grenoble-Alpes Métropole,,PALLUEL - Parking Le Fontanil Cornillon,Voirie,Rue des Mûriers 38120 PALLUEL,38170,"5.6607537,45.2541131",8,,7.4,1,1,0,0,0,1,1,0.0,,,Accès libre,0,Mo-Su 00:00-23:59,FALSE,Direct,0,2022-11-30,,2023-03-17,
Grenoble-Alpes Métropole,123456789.0,support@alizecharge.fr,Bouygues E&S,support@alizecharge.fr,805024262,Grenoble-Alpes Métropole,,GRENOBLE - Rue Victor Lastella - Chambre des Métiers,Voirie,GRENOBLE - Rue Victor Lastella - Chambre des Métiers,38185,"5.704011,45.1844",2,,22.0,1,1,0,0,0,1,1,0.0,,,Accès libre,0,Mo-Su 00:00-23:59,FALSE,Direct,0,2019-07-01,,2023-03-17,
Grenoble-Alpes Métropole,123456789.0,support@alizecharge.fr,Bouygues E&S,support@alizecharge.fr,805024265,Grenoble-Alpes Métropole,,VARCES-ALLIERES-ET-RISSET - Le parking-relais du Grand Rochefort,Voirie,D1075 Le grand Rochefort 38760 VARCES-ALLIERES-ET-RISSET,38524,"5.6865667,45.1031403",4,,7.4,1,1,0,0,0,1,1,0.0,,,Accès libre,0,Mo-Su 00:00-23:59,FALSE,Direct,0,2023-03-13,,2023-03-17,
Grenoble-Alpes Métropole,123456789.0,support@alizecharge.fr,Bouygues E&S,support@alizecharge.fr,805024270,Grenoble-Alpes Métropole,,SAINT-EGREVE - Parking Karben (CITIZ),Voirie,Parking Karben (CITIZ) 38120 SAINT-EGREVE,38382,"5.669999,45.2427324",1,,7.4,1,1,0,0,0,1,1,0.0,,,Accès libre,0,Mo-Su 00:00-23:59,FALSE,Direct,0,2022-11-29,,2023-03-17,
Grenoble-Alpes Métropole,123456789.0,support@alizecharge.fr,Bouygues E&S,support@alizecharge.fr,805024271,Grenoble-Alpes Métropole,,PALLUEL - Parking Le Fontanil Cornillon,Voirie,Rue des Mûriers 38120 PALLUEL,38170,"5.6607537,45.2541131",8,,7.4,1,1,0,0,0,1,1,0.0,,,Accès libre,0,Mo-Su 00:00-23:59,FALSE,Direct,0,2022-11-30,,2023-03-17,
IONITY,838436145.0,info@ionity.eu,IONITY,info@ionity.eu,33187210891,IONITY GMBH,,IONITY Ile Rose,Station dédiée à la recharge rapide,"Aire de l'Ile Rose, A48, 38340 Voreppe",38407,"3.183078,43.985279",5,,350.0,0,1,1,1,0,0,1,0.0,1.0,0.69€ / kwh,Accès libre,0,24/7,FALSE,Direct,50022232569885,2021-12-21,Recharge jusqu'à 350KW - CCS,2023-03-21,1.0
King Jouet Voiron,,,E-TOTEM,contact@e-totem.fr,,King Jouet Voiron,,King Jouet Voiron,Parking privé à usage public,6 Rue Louis Leprince Ringuet 38500 VOIRON,38563,"5.578157,45.38413",3,,22.0,1,1,0,0,0,0,1,,,,Accès libre,0,24/7,false,,,2021-06-22,,2023-06-12,
King Jouet Voiron,,,E-TOTEM,contact@e-totem.fr,,King Jouet Voiron,,King Jouet Voiron,Parking privé à usage public,6 Rue Louis Leprince Ringuet 38500 VOIRON,38563,"5.578157,45.38413",3,,25.0,0,0,1,0,0,0,1,,,,Accès libre,0,24/7,false,,,2021-06-22,,2023-06-12,
King Jouet Voiron,,,E-TOTEM,contact@e-totem.fr,,King Jouet Voiron,,King Jouet Voiron,Parking privé à usage public,6 Rue Louis Leprince Ringuet 38500 VOIRON,38563,"5.578157,45.38413",3,,25.0,0,0,0,1,0,0,1,,,,Accès libre,0,24/7,false,,,2021-06-22,,2023-06-12,
King Jouet Voiron,,,E-TOTEM,contact@e-totem.fr,,King Jouet Voiron,,King Jouet Voiron,Parking privé à usage public,6 Rue Louis Leprince Ringuet 38500 VOIRON,38563,"5.578157,45.38413",2,,22.0,1,1,0,0,0,0,1,,,,Accès libre,0,24/7,false,,,2021-06-22,,2023-06-12,
SPBR1,,,SPBR1,contact@reseau-eborn.fr,33423100350,eborn,,"Le Bourg d'Oisans, Rue Capitaine Meunier",Voirie,Rue Capitaine Meunier 38520 LE BOURG D OISANS,38052,"6.0308339,45.0527698",2,,22.0,1,1,0,0,0,0,1,1.0,1.0,Payant,Accès libre,0,24/7,false,,,2020-08-05,Autre paiements : compte prépayé.,2023-04-04,0.0
SPBR1,,,SPBR1,contact@reseau-eborn.fr,33423100350,eborn,,"Charavines, Place Du Marche",Voirie,Place Du Marche 38850 Charavines,38082,"5.513731,45.428405",2,,22.0,1,1,0,0,0,0,1,1.0,1.0,Payant,Accès libre,0,24/7,false,,,2020-06-21,Autre paiements : compte prépayé.,2023-04-03,0.0
SPBR1,,,SPBR1,contact@reseau-eborn.fr,33423100350,eborn,,"Autrans, Parking Voie du 6 Fevrier 1968",Voirie,Parking Voie du 6 Fevrier 1968 38880 Autrans,38225,"5.544305,45.173596",2,,22.0,1,1,0,0,0,0,1,1.0,1.0,Payant,Accès libre,0,24/7,false,,,2020-06-21,Autre paiements : compte prépayé.,2023-04-05,0.0
SPBR1,,,SPBR1,contact@reseau-eborn.fr,33423100350,eborn,,"Les Deux Alpes, Rue De La Muzelle",Voirie,Rue De La Muzelle 38860 Les Deux Alpes,38253,"6.12483,45.013227",2,,22.0,1,1,0,0,0,0,1,1.0,1.0,Payant,Accès libre,0,24/7,false,,,2020-06-21,Autre paiements : compte prépayé.,2023-04-04,0.0
SPBR1,,,SPBR1,contact@reseau-eborn.fr,33423100350,eborn,,"La Motte-D'Aveillans, Rue de l'Eglise",Voirie,Rue de l'Eglise 38770 La Motte-D'Aveillans,38265,"5.744811,44.960441",2,,22.0,1,1,0,0,0,0,1,1.0,1.0,Payant,Accès libre,0,24/7,false,,,2020-06-21,Autre paiements : compte prépayé.,2023-03-31,0.0
SPBR1,,,SPBR1,contact@reseau-eborn.fr,33423100350,eborn,,"Monteynard, Chemin Pré Barbier",Voirie,Chemin Pré Barbier 38770 Monteynard,38254,"5.702787,44.970991",2,,22.0,1,1,0,0,0,0,1,1.0,1.0,Payant,Accès libre,0,24/7,false,,,2020-06-21,Autre paiements : compte prépayé.,2022-10-06,0.0
SPBR1,,,SPBR1,contact@reseau-eborn.fr,33423100350,eborn,,"Chamrousse, Place des Trolles",Voirie,Place des Trolles 38410 Chamrousse,38567,"5.87483,45.11147",2,,22.0,1,1,0,0,0,0,1,1.0,1.0,Payant,Accès libre,0,24/7,false,,,2020-06-21,Autre paiements : compte prépayé.,2023-04-05,0.0
SPBR1,,,SPBR1,contact@reseau-eborn.fr,33423100350,eborn,,"Saint-Pierre-D'Entremont, Place du Bourg",Voirie,Place du Bourg 38380 Saint-Pierre-D'Entremont,38446,"5.853393,45.415628",2,,22.0,1,1,0,0,0,0,1,1.0,1.0,Payant,Accès libre,0,24/7,false,,,2020-06-21,Autre paiements : compte prépayé.,2023-04-05,0.0
SPBR1,,,SPBR1,contact@reseau-eborn.fr,33423100350,eborn,,"Saint-Pierre-De-Chartreuse, Place de la Mairie",Voirie,Place de la Mairie 38380 Saint-Pierre-De-Chartreuse,38442,"5.815538,45.341601",2,,22.0,1,1,0,0,0,0,1,1.0,1.0,Payant,Accès libre,0,24/7,false,,,2020-06-21,Autre paiements : compte prépayé.,2023-04-05,0.0
SPBR1,,,SPBR1,contact@reseau-eborn.fr,33423100350,eborn,,"Entre Deux Guiers, Avenue du 8 mai 1945",Voirie,Avenue du 8 mai 1945 38380 Entre Deux Guiers,38155,"5.752153,45.433729",2,,22.0,1,1,0,0,0,0,1,1.0,1.0,Payant,Accès libre,0,24/7,false,,,2020-06-21,Autre paiements : compte prépayé.,2023-04-04,0.0
SPBR1,,,SPBR1,contact@reseau-eborn.fr,33423100350,eborn,,"Virieu, Rue de la Barbeniere",Voirie,Rue de la Barbeniere 38730 Virieu,38560,"5.476562,45.485728",2,,22.0,1,1,0,0,0,0,1,1.0,1.0,Payant,Accès libre,0,24/7,false,,,2020-06-21,Autre paiements : compte prépayé.,2023-04-04,0.0
SPBR1,,,SPBR1,contact@reseau-eborn.fr,33423100350,eborn,,"Voiron, Avenue Jules Ravat",Voirie,Avenue Jules Ravat 38500 Voiron,38563,"5.588077,45.368226",2,,22.0,1,1,0,0,0,0,1,1.0,1.0,Payant,Accès libre,0,24/7,false,,,2020-06-21,Autre paiements : compte prépayé.,2023-04-05,0.0
SPBR1,,,SPBR1,contact@reseau-eborn.fr,33423100350,eborn,,"Voiron, Hotel Best Western",Voirie,Hotel Best Western 38500 Voiron,38563,"5.5698368,45.3500388",2,,22.0,1,1,0,0,0,0,1,1.0,1.0,Payant,Accès libre,0,24/7,false,,,2020-06-21,Autre paiements : compte prépayé.,2023-03-27,0.0
SPBR1,,,SPBR1,contact@reseau-eborn.fr,33423100350,eborn,,"Coublevie, Impasse Des Genets",Voirie,Impasse Des Genets 38500 Coublevie,38133,"5.598293,45.349774",2,,22.0,1,1,0,0,0,0,1,1.0,1.0,Payant,Accès libre,0,24/7,false,,,2020-06-21,Autre paiements : compte prépayé.,2023-04-05,0.0
SPBR1,,,SPBR1,contact@reseau-eborn.fr,33423100350,eborn,,"Huez, Avenue du Rif Nel",Voirie,Avenue du Rif Nel 38750 Huez,38191,"6.070816,45.094943",2,,22.0,1,1,0,0,0,0,1,1.0,1.0,Payant,Accès libre,0,24/7,false,,,2020-06-21,Autre paiements : compte prépayé.,2023-04-05,0.0
SPBR1,,,SPBR1,contact@reseau-eborn.fr,33423100350,eborn,,"Corrençon-En-Vercors, Parking RD 215",Voirie,Parking RD 215 38250 Corrençon-En-Vercors,38129,"5.5271472,45.0326389",2,,22.0,1,1,0,0,0,0,1,1.0,1.0,Payant,Accès libre,0,24/7,false,,,2020-06-21,Autre paiements : compte prépayé.,2023-04-04,0.0
SPBR1,,,SPBR1,contact@reseau-eborn.fr,33423100350,eborn,,"La Morte, Place De La Mairie",Voirie,Place De La Mairie 38350 La Morte,38264,"5.856414,45.029217",2,,22.0,1,1,0,0,0,0,1,1.0,1.0,Payant,Accès libre,0,24/7,false,,,2020-06-21,Autre paiements : compte prépayé.,2023-04-05,0.0
SPBR1,,,SPBR1,contact@reseau-eborn.fr,33423100350,eborn,,"Meaudre, Place Gérard Clet",Voirie,Place Gérard Clet 38112 Meaudre,38225,"5.527525,45.1274889",2,,22.0,1,1,0,0,0,0,1,1.0,1.0,Payant,Accès libre,0,24/7,false,,,2020-06-21,Autre paiements : compte prépayé.,2023-04-04,0.0
SPBR1,,,SPBR1,contact@reseau-eborn.fr,33423100350,eborn,,"Crets-En-Belledonne, St Pierre d'Allevard",Voirie,St Pierre d'Allevard 38570 Crets-En-Belledonne,38439,"6.048525,45.376141",2,,22.0,1,1,0,0,0,0,1,1.0,1.0,Payant,Accès libre,0,24/7,false,,,2020-06-21,Autre paiements : compte prépayé.,2023-04-05,0.0
SPBR1,,,SPBR1,contact@reseau-eborn.fr,33423100350,eborn,,"Crolles, Avenue Joliot Curie",Voirie,Avenue Joliot Curie 38920 Crolles,38140,"5.881739,45.283485",2,,22.0,1,1,0,0,0,0,1,1.0,1.0,Payant,Accès libre,0,24/7,false,,,2020-06-21,Autre paiements : compte prépayé.,2023-04-05,0.0
SPBR1,,,SPBR1,contact@reseau-eborn.fr,33423100350,eborn,,"Tullins, Parking Place Jean Jaures",Voirie,Parking Place Jean Jaures 38210 Tullins,38517,"5.4828056,45.2955083",2,,22.0,1,1,0,0,0,0,1,1.0,1.0,Payant,Accès libre,0,24/7,false,,,2020-06-21,Autre paiements : compte prépayé.,2023-04-05,0.0
SPBR1,,,SPBR1,contact@reseau-eborn.fr,33423100350,eborn,,"Saint-Laurent-Du-Pont, PLACE DU 10E  REGROUPEMENT PARKING",Voirie,PLACE DU 10E  REGROUPEMENT PARKING 38380 Saint-Laurent-Du-Pont,38412,"5.737686,45.390089",2,,22.0,1,1,0,0,0,0,1,1.0,1.0,Payant,Accès libre,0,24/7,false,,,2020-06-21,Autre paiements : compte prépayé.,2023-04-05,0.0
SPBR1,,,SPBR1,contact@reseau-eborn.fr,33423100350,eborn,,"Laffrey, Camping Grandes Sagnes",Voirie,Camping Grandes Sagnes 38220 Laffrey,38203,"5.775626,45.020777",2,,22.0,1,1,0,0,0,0,1,1.0,1.0,Payant,Accès libre,0,24/7,false,,,2020-06-21,Autre paiements : compte prépayé.,2023-04-03,0.0
SPBR1,,,SPBR1,contact@reseau-eborn.fr,33423100350,eborn,,"Laval, Parkinng de la mairie - RD 59",Voirie,Parkinng de la mairie - RD 59 38190 Laval,38206,"5.932438,45.252998",2,,22.0,1,1,0,0,0,0,1,1.0,1.0,Payant,Accès libre,0,24/7,false,,,2020-06-21,Autre paiements : compte prépayé.,2023-04-05,0.0
SPBR1,,,SPBR1,contact@reseau-eborn.fr,33423100350,eborn,,"Saint-Quentin-Sur-Isère, Route du Sud",Voirie,Route du Sud 38210 Saint-Quentin-Sur-Isère,38450,"5.538613,45.279523",2,,22.0,1,1,0,0,0,0,1,1.0,1.0,Payant,Accès libre,0,24/7,false,,,2020-06-21,Autre paiements : compte prépayé.,2023-04-04,0.0
SPBR1,,,SPBR1,contact@reseau-eborn.fr,33423100350,eborn,,"Lans-En-Vercors, Voie du Tram",Voirie,Voie du Tram 38250 Lans-En-Vercors,38205,"5.583329,45.129631",2,,22.0,1,1,0,0,0,0,1,1.0,1.0,Payant,Accès libre,0,24/7,false,,,2020-06-21,Autre paiements : compte prépayé.,2023-04-01,0.0
SPBR1,,,SPBR1,contact@reseau-eborn.fr,33423100350,eborn,,"Villard-De-Lans, Place Mure Ravaud",Voirie,Place Mure Ravaud 38250 Villard-De-Lans,38548,"5.55164676,45.07208481",2,,22.0,1,1,0,0,0,0,1,1.0,1.0,Payant,Accès libre,0,24/7,false,,,2020-06-21,Autre paiements : compte prépayé.,2023-04-05,0.0
SPBR1,,,SPBR1,contact@reseau-eborn.fr,33423100350,eborn,,"Livet-Et-Gavet, Rue P. Saras",Voirie,Rue P. Saras 38220 Livet-Et-Gavet,38212,"5.902,45.0906",2,,22.0,1,1,0,0,0,0,1,1.0,1.0,Payant,Accès libre,0,24/7,false,,,2020-06-21,Autre paiements : compte prépayé.,2023-04-04,0.0
SPBR1,,,SPBR1,contact@reseau-eborn.fr,33423100350,eborn,,"Saint-Nizier-Du-Moucherotte, Place du 14 Avril 1929",Voirie,Place du 14 Avril 1929 38250 Saint-Nizier-Du-Moucherotte,38433,"5.630496,45.170753",2,,22.0,1,1,0,0,0,0,1,1.0,1.0,Payant,Accès libre,0,24/7,false,,,2020-06-21,Autre paiements : compte prépayé.,2023-03-30,0.0
SPBR1,,,SPBR1,contact@reseau-eborn.fr,33423100350,eborn,,"Rives, Place De La Liberation",Voirie,Place De La Liberation 38140 Rives,38337,"5.503642,45.350166",2,,22.0,1,1,0,0,0,0,1,1.0,1.0,Payant,Accès libre,0,24/7,false,,,2020-06-21,Autre paiements : compte prépayé.,2023-04-05,0.0
SPBR1,,,SPBR1,contact@reseau-eborn.fr,33423100350,eborn,,"Huez, Avenue du Rif Nel",Voirie,Avenue du Rif Nel 38750 Huez,38191,"6.070816,45.094943",2,,22.0,1,1,0,0,0,0,1,1.0,1.0,Payant,Accès libre,0,24/7,false,,,2020-06-21,Autre paiements : compte prépayé.,2023-02-23,0.0
SPBR1,,,SPBR1,contact@reseau-eborn.fr,33423100350,eborn,,"Auris, Place des Orgières",Voirie,Place Des Orgières 38142 Auris,38020,"6.077811,45.056067",2,,22.0,1,1,0,0,0,0,1,1.0,1.0,Payant,Accès libre,0,24/7,false,,,2023-02-07,Autre paiements : compte prépayé.,2023-04-05,0.0
SPBR1,,,SPBR1,contact@reseau-eborn.fr,33423100350,eborn,,"Auris, Place des Orgières",Voirie,Place Des Orgières 38142 Auris,38020,"6.077811,45.056067",2,,24.0,0,0,1,1,0,0,1,1.0,1.0,Payant,Accès libre,0,24/7,false,,,2023-02-07,Autre paiements : compte prépayé.,2023-04-05,0.0
SPBR1,,,SPBR1,contact@reseau-eborn.fr,33423100350,eborn,,"Saint-Ismier, Chemin du Rozat",Voirie,Chemin du Rozat 38330 Saint-Ismier,38397,"5.820972,45.241288",2,,22.0,1,1,0,0,0,0,1,1.0,1.0,Payant,Accès libre,0,24/7,false,,,2020-06-21,Autre paiements : compte prépayé.,2023-04-04,0.0
SPBR1,,,SPBR1,contact@reseau-eborn.fr,33423100350,eborn,,"Montbonnot-Saint-Martin, Rue du Général de Gaulle",Voirie,Rue du Général de Gaulle 38330 Montbonnot-Saint-Martin,38249,"5.803005,45.226977",2,,22.0,1,1,0,0,0,0,1,1.0,1.0,Payant,Accès libre,0,24/7,false,,,2020-06-21,Autre paiements : compte prépayé.,2023-04-04,0.0
SPBR1,,,SPBR1,contact@reseau-eborn.fr,33423100350,eborn,,"Bernin, Place des Droits de l'Homme",Voirie,Place des Droits de l'Homme 38190 Bernin,38039,"5.8679,45.270236",2,,22.0,1,1,0,0,0,0,1,1.0,1.0,Payant,Accès libre,0,24/7,false,,,2020-06-21,Autre paiements : compte prépayé.,2023-04-05,0.0
SPBR1,,,SPBR1,contact@reseau-eborn.fr,33423100350,eborn,,"Laval, Parkinng de la mairie - RD 59",Voirie,Parkinng de la mairie - RD 59 38190 Laval,38206,"5.932438,45.252998",2,,22.0,1,1,0,0,0,0,1,1.0,1.0,Payant,Accès libre,0,24/7,false,,,2020-06-21,Autre paiements : compte prépayé.,2023-04-03,0.0
SPBR1,,,SPBR1,contact@reseau-eborn.fr,33423100350,eborn,,"Villard-Bonnot, Place de l'Espace Aragon",Voirie,Place de l'Espace Aragon 38190 Villard-Bonnot,38547,"5.888787,45.238327",2,,22.0,1,1,0,0,0,0,1,1.0,1.0,Payant,Accès libre,0,24/7,false,,,2020-06-21,Autre paiements : compte prépayé.,2023-04-05,0.0
SPBR1,,,SPBR1,contact@reseau-eborn.fr,33423100350,eborn,,"Les Adrets, Parking salle polyvalente",Voirie,Parking salle polyvalente 38190 Les Adrets,38002,"5.964939,45.271113",2,,22.0,1,1,0,0,0,0,1,1.0,1.0,Payant,Accès libre,0,24/7,false,,,2020-06-21,Autre paiements : compte prépayé.,2023-04-05,0.0
SPBR1,,,SPBR1,contact@reseau-eborn.fr,33423100350,eborn,,"Saint-Quentin-Sur-Isère, Route du Sud",Voirie,Route du Sud 38210 Saint-Quentin-Sur-Isère,38450,"5.538613,45.279523",2,,22.0,1,1,0,0,0,0,1,1.0,1.0,Payant,Accès libre,0,24/7,false,,,2020-06-21,Autre paiements : compte prépayé.,2023-04-03,0.0
SPBR1,,,SPBR1,contact@reseau-eborn.fr,33423100350,eborn,,"Allemond, Chemin Des Ecoliers",Voirie,Chemin Des Ecoliers 38114 Allemond,38005,"6.03748,45.127339",2,,22.0,1,1,0,0,0,0,1,1.0,1.0,Payant,Accès libre,0,24/7,false,,,2020-06-21,Autre paiements : compte prépayé.,2023-04-03,0.0
SPBR1,,,SPBR1,contact@reseau-eborn.fr,33423100350,eborn,,"Pierre-Châtel, Place des Anciens Combattants AFN",Voirie,Place des Anciens Combattants AFN 38119 Pierre-Châtel,38304,"5.778528,44.95151",2,,22.0,1,1,0,0,0,0,1,1.0,1.0,Payant,Accès libre,0,24/7,false,,,2020-06-21,Autre paiements : compte prépayé.,2023-02-23,0.0
SPBR1,,,SPBR1,contact@reseau-eborn.fr,33423100350,eborn,,"Allemond, Chemin Des Ecoliers",Voirie,Chemin Des Ecoliers 38114 Allemond,38005,"6.03748,45.127339",2,,22.0,1,1,0,0,0,0,1,1.0,1.0,Payant,Accès libre,0,24/7,false,,,2020-06-21,Autre paiements : compte prépayé.,2023-04-05,0.0
SPBR1,,,SPBR1,contact@reseau-eborn.fr,33423100350,eborn,,"Huez, Quartier Vieil Alpe",Voirie,Quartier Vieil Alpe 38191 Huez,38191,"6.06444,45.09059",2,,24.0,0,0,1,1,0,0,1,1.0,1.0,Payant,Accès libre,0,24/7,false,,,2022-03-22,Autre paiements : compte prépayé.,2023-04-04,0.0
SPBR1,,,SPBR1,contact@reseau-eborn.fr,33423100350,eborn,,"Huez, Quartier Vieil Alpe",Voirie,Quartier Vieil Alpe 38191 Huez,38191,"6.06444,45.09059",2,,22.0,1,1,0,0,0,0,1,1.0,1.0,Payant,Accès libre,0,24/7,false,,,2022-03-22,Autre paiements : compte prépayé.,2023-04-04,0.0
SPBR1,,,SPBR1,contact@reseau-eborn.fr,33423100350,eborn,,"Theys, Parking RD 2558",Voirie,Parking RD 2558 38570 Theys,38504,"5.992505,45.2996611",2,,22.0,1,1,0,0,0,0,1,1.0,1.0,Payant,Accès libre,0,24/7,false,,,2020-06-21,Autre paiements : compte prépayé.,2023-03-30,0.0
SPBR1,,,SPBR1,contact@reseau-eborn.fr,33423100350,eborn,,"Saint-Hilaire-Du-Touvet, Route des 3 Villages",Voirie,Route des 3 Villages 38660 Saint-Hilaire-Du-Touvet,38395,"5.887383,45.310644",2,,22.0,1,1,0,0,0,0,1,1.0,1.0,Payant,Accès libre,0,24/7,false,,,2020-06-21,Autre paiements : compte prépayé.,2023-04-02,0.0
SPBR1,,,SPBR1,contact@reseau-eborn.fr,33423100350,eborn,,"Charavines, Place Du Marche",Voirie,Place Du Marche 38850 Charavines,38082,"5.513731,45.428405",2,,22.0,1,1,0,0,0,0,1,1.0,1.0,Payant,Accès libre,0,24/7,false,,,2020-06-21,Autre paiements : compte prépayé.,2023-04-05,0.0
SPBR1,,,SPBR1,contact@reseau-eborn.fr,33423100350,eborn,,"Autrans, Parking Voie du 6 Fevrier 1968",Voirie,Parking Voie du 6 Fevrier 1968 38880 Autrans,38225,"5.544305,45.173596",2,,22.0,1,1,0,0,0,0,1,1.0,1.0,Payant,Accès libre,0,24/7,false,,,2020-06-21,Autre paiements : compte prépayé.,2023-04-04,0.0
SPBR1,,,SPBR1,contact@reseau-eborn.fr,33423100350,eborn,,"Voreppe, Av Honoré De Balzac",Voirie,Av Honore De Balzac 38340 Voreppe,38565,"5.63757,45.2958",2,,22.0,1,1,0,0,0,0,1,1.0,1.0,Payant,Accès libre,0,24/7,false,,,2020-06-26,Autre paiements : compte prépayé.,2023-04-05,0.0
SPBR1,,,SPBR1,contact@reseau-eborn.fr,33423100350,eborn,,"Monestier-De-Clermont, Grande Rue",Voirie,Grande Rue 38650 Monestier-De-Clermont,38242,"5.6337565,44.9155285",2,,22.0,1,1,0,0,0,0,1,1.0,1.0,Payant,Accès libre,0,24/7,false,,,2020-06-21,Autre paiements : compte prépayé.,2023-04-05,0.0
SPBR1,,,SPBR1,contact@reseau-eborn.fr,33423100350,eborn,,"Pontcharra, Parking Mairie",Voirie,Parking Mairie 38530 Pontcharra,38314,"6.020297,45.432277",2,,22.0,1,1,0,0,0,0,1,1.0,1.0,Payant,Accès libre,0,24/7,false,,,2020-06-21,Autre paiements : compte prépayé.,2023-04-04,0.0
SPBR1,,,SPBR1,contact@reseau-eborn.fr,33423100350,eborn,,"Voiron, Rue Claude Guillermoz",Voirie,Rue Claude Guillermoz 38500 Voiron,38563,"5.587042,45.366279",2,,24.0,0,0,1,1,0,0,1,1.0,1.0,Payant,Accès libre,0,24/7,false,,,2022-02-03,Autre paiements : compte prépayé.,2023-04-02,0.0
SPBR1,,,SPBR1,contact@reseau-eborn.fr,33423100350,eborn,,"Voiron, Rue Claude Guillermoz",Voirie,Rue Claude Guillermoz 38500 Voiron,38563,"5.587042,45.366279",2,,22.0,1,1,0,0,0,0,1,1.0,1.0,Payant,Accès libre,0,24/7,false,,,2022-02-03,Autre paiements : compte prépayé.,2023-04-04,1.0
SPBR1,,,SPBR1,contact@reseau-eborn.fr,33423100350,eborn,,"Allevard, Rue De La Republique",Voirie,Rue De La Republique 38580 Allevard,38006,"6.076071,45.392746",2,,22.0,1,1,0,0,0,0,1,1.0,1.0,Payant,Accès libre,0,24/7,false,,,2020-06-21,Autre paiements : compte prépayé.,2023-04-05,0.0
SPBR1,,,SPBR1,contact@reseau-eborn.fr,33423100350,eborn,,"Saint-Geoire-En-Valdaine, Place André Chaize",Voirie,Place André Chaize 38620 Saint-Geoire-En-Valdaine,38386,"5.636785,45.455873",2,,22.0,1,1,0,0,0,0,1,1.0,1.0,Payant,Accès libre,0,24/7,false,,,2020-06-21,Autre paiements : compte prépayé.,2023-03-14,0.0
SPBR1,,,SPBR1,contact@reseau-eborn.fr,33423100350,eborn,,"Château-Bernard, Parking de l'Eglise",Voirie,Parking de l'Eglise 38650 Château-Bernard,38090,"5.5761418,44.9751199",2,,22.0,1,1,0,0,0,0,1,1.0,1.0,Payant,Accès libre,0,24/7,false,,,2020-06-21,Autre paiements : compte prépayé.,2023-04-01,0.0
SPBR1,,,SPBR1,contact@reseau-eborn.fr,33423100350,eborn,,"Le Cheylas, Rue du Stade",Voirie,Rue du Stade 38570 Le Cheylas,38100,"5.99027,45.371901",2,,22.0,1,1,0,0,0,0,1,1.0,1.0,Payant,Accès libre,0,24/7,false,,,2020-06-21,Autre paiements : compte prépayé.,2023-04-01,0.0
SPBR1,,,SPBR1,contact@reseau-eborn.fr,33423100350,eborn,,"Les Adrets, Parking salle polyvalente",Voirie,Parking salle polyvalente 38190 Les Adrets,38002,"5.964939,45.271113",2,,22.0,1,1,0,0,0,0,1,1.0,1.0,Payant,Accès libre,0,24/7,false,,,2020-06-21,Autre paiements : compte prépayé.,2023-04-04,0.0
SPBR1,,,SPBR1,contact@reseau-eborn.fr,33423100350,eborn,,"St Martin D Uriage, Parking Avenue Des Thermes - Rd 523",Voirie,Parking Avenue Des Thermes - Rd 523 38410 St Martin D Uriage,38422,"5.829775,45.144034",2,,22.0,1,1,0,0,0,0,1,1.0,1.0,Payant,Accès libre,0,24/7,false,,,2020-06-21,Autre paiements : compte prépayé.,2023-04-05,0.0
SPBR1,,,SPBR1,contact@reseau-eborn.fr,33423100350,eborn,,"Moirans, Rue Mozart",Voirie,Rue Mozart 38430 Moirans,38239,"5.564157,45.328211",2,,22.0,1,1,0,0,0,0,1,1.0,1.0,Payant,Accès libre,0,24/7,false,,,2020-06-21,Autre paiements : compte prépayé.,2023-04-03,0.0
SPBR1,,,SPBR1,contact@reseau-eborn.fr,33423100350,eborn,,"Le Versoud, Rue des Deymes",Voirie,Rue des Deymes 38538 Le Versoud,38538,"5.8611931,45.21769",2,,24.0,0,0,1,1,0,0,1,1.0,1.0,Payant,Accès libre,0,24/7,false,,,2022-03-28,Autre paiements : compte prépayé.,2023-04-03,0.0
SPBR1,,,SPBR1,contact@reseau-eborn.fr,33423100350,eborn,,"Le Versoud, Rue des Deymes",Voirie,Rue des Deymes 38538 Le Versoud,38538,"5.8611931,45.21769",2,,22.0,1,1,0,0,0,0,1,1.0,1.0,Payant,Accès libre,0,24/7,false,,,2022-03-28,Autre paiements : compte prépayé.,2023-04-01,0.0
SPBR1,,,SPBR1,contact@reseau-eborn.fr,33423100350,eborn,,"Saint-Pierre-De-Chartreuse, Place de la Mairie",Voirie,Place de la Mairie 38380 Saint-Pierre-De-Chartreuse,38442,"5.815538,45.341601",2,,22.0,1,1,0,0,0,0,1,1.0,1.0,Payant,Accès libre,0,24/7,false,,,2020-06-21,Autre paiements : compte prépayé.,2023-04-04,0.0
SPBR1,,,SPBR1,contact@reseau-eborn.fr,33423100350,eborn,,"St Martin D Uriage, Parking Avenue Des Thermes - Rd 523",Voirie,Parking Avenue Des Thermes - Rd 523 38410 St Martin D Uriage,38422,"5.829775,45.144034",2,,22.0,1,1,0,0,0,0,1,1.0,1.0,Payant,Accès libre,0,24/7,false,,,2020-06-21,Autre paiements : compte prépayé.,2023-02-23,0.0
SPBR1,,,SPBR1,contact@reseau-eborn.fr,33423100350,eborn,,"Moirans, Rue Mozart",Voirie,Rue Mozart 38430 Moirans,38239,"5.564157,45.328211",2,,22.0,1,1,0,0,0,0,1,1.0,1.0,Payant,Accès libre,0,24/7,false,,,2020-06-21,Autre paiements : compte prépayé.,2023-04-04,0.0
SPBR1,,,SPBR1,contact@reseau-eborn.fr,33423100350,eborn,,"Villard-De-Lans, Place Mure Ravaud",Voirie,Place Mure Ravaud 38250 Villard-De-Lans,38548,"5.55164676,45.07208481",2,,22.0,1,1,0,0,0,0,1,1.0,1.0,Payant,Accès libre,0,24/7,false,,,2020-06-21,Autre paiements : compte prépayé.,2023-04-04,0.0
SPBR1,,,SPBR1,contact@reseau-eborn.fr,33423100350,eborn,,"Villard-Bonnot, Place de l'Espace Aragon",Voirie,Place de l'Espace Aragon 38190 Villard-Bonnot,38547,"5.888787,45.238327",2,,22.0,1,1,0,0,0,0,1,1.0,1.0,Payant,Accès libre,0,24/7,false,,,2020-06-21,Autre paiements : compte prépayé.,2023-04-03,0.0
SPBR1,,,SPBR1,contact@reseau-eborn.fr,33423100350,eborn,,"Huez, L'éclose",Voirie,L'eclose 38750 Huez,38191,"6.06886,45.08731",2,,24.0,0,0,1,1,0,0,1,1.0,1.0,Payant,Accès libre,0,24/7,false,,,2022-06-15,Autre paiements : compte prépayé.,2023-04-04,0.0
SPBR1,,,SPBR1,contact@reseau-eborn.fr,33423100350,eborn,,"Huez, L'éclose",Voirie,L'eclose 38750 Huez,38191,"6.06886,45.08731",2,,22.0,1,1,0,0,0,0,1,1.0,1.0,Payant,Accès libre,0,24/7,false,,,2022-06-15,Autre paiements : compte prépayé.,2023-04-04,0.0
SPBR1,,,SPBR1,contact@reseau-eborn.fr,33423100350,eborn,,"Les Deux Alpes, Office de Tourisme de Venosc",Voirie,La condamine 38860 Les Deux Alpes,38253,"6.11627,44.98706",2,,24.0,0,0,1,1,0,0,1,1.0,1.0,Payant,Accès libre,0,24/7,false,,,2022-06-15,Autre paiements : compte prépayé.,2023-03-01,0.0
SPBR1,,,SPBR1,contact@reseau-eborn.fr,33423100350,eborn,,"Les Deux Alpes, Office de Tourisme de Venosc",Voirie,La condamine 38860 Les Deux Alpes,38253,"6.11627,44.98706",2,,22.0,1,1,0,0,0,0,1,1.0,1.0,Payant,Accès libre,0,24/7,false,,,2022-06-15,Autre paiements : compte prépayé.,2023-04-05,0.0
SPBR1,,,SPBR1,contact@reseau-eborn.fr,33423100350,eborn,,"Monestier-De-Clermont, Grande Rue",Voirie,Grande Rue 38650 Monestier-De-Clermont,38242,"5.6337565,44.9155285",2,,22.0,1,1,0,0,0,0,1,1.0,1.0,Payant,Accès libre,0,24/7,false,,,2020-06-21,Autre paiements : compte prépayé.,2023-04-04,0.0
SPBR1,,,SPBR1,contact@reseau-eborn.fr,33423100350,eborn,,"Saint-Hilaire-Du-Touvet, Route des 3 Villages",Voirie,Route des 3 Villages 38660 Saint-Hilaire-Du-Touvet,38395,"5.887383,45.310644",2,,22.0,1,1,0,0,0,0,1,1.0,1.0,Payant,Accès libre,0,24/7,false,,,2020-06-21,Autre paiements : compte prépayé.,2023-03-24,0.0
SPBR1,,,SPBR1,contact@reseau-eborn.fr,33423100350,eborn,,"Chamrousse, Place des Trolles",Voirie,Place des Trolles 38410 Chamrousse,38567,"5.87483,45.11147",2,,22.0,1,1,0,0,0,0,1,1.0,1.0,Payant,Accès libre,0,24/7,false,,,2020-06-21,Autre paiements : compte prépayé.,2023-04-04,0.0
SPBR1,,,SPBR1,contact@reseau-eborn.fr,33423100350,eborn,,"Corrençon-En-Vercors, Parking RD 215",Voirie,Parking RD 215 38250 Corrençon-En-Vercors,38129,"5.5271472,45.0326389",2,,22.0,1,1,0,0,0,0,1,1.0,1.0,Payant,Accès libre,0,24/7,false,,,2020-06-21,Autre paiements : compte prépayé.,2023-04-03,0.0
SPBR1,,,SPBR1,contact@reseau-eborn.fr,33423100350,eborn,,"Saint-Nizier-Du-Moucherotte, Place du 14 Avril 1929",Voirie,Place du 14 Avril 1929 38250 Saint-Nizier-Du-Moucherotte,38433,"5.630496,45.170753",2,,22.0,1,1,0,0,0,0,1,1.0,1.0,Payant,Accès libre,0,24/7,false,,,2020-06-21,Autre paiements : compte prépayé.,2023-04-03,0.0
SPBR1,,,SPBR1,contact@reseau-eborn.fr,33423100350,eborn,,"Lans-En-Vercors, Voie du Tram",Voirie,Voie du Tram 38250 Lans-En-Vercors,38205,"5.583329,45.129631",2,,22.0,1,1,0,0,0,0,1,1.0,1.0,Payant,Accès libre,0,24/7,false,,,2020-06-21,Autre paiements : compte prépayé.,2023-04-05,0.0
SPBR1,,,SPBR1,contact@reseau-eborn.fr,33423100350,eborn,,"Le Cheylas, Rue du Stade",Voirie,Rue du Stade 38570 Le Cheylas,38100,"5.99027,45.371901",2,,22.0,1,1,0,0,0,0,1,1.0,1.0,Payant,Accès libre,0,24/7,false,,,2020-06-21,Autre paiements : compte prépayé.,2023-04-05,0.0
SPBR1,,,SPBR1,contact@reseau-eborn.fr,33423100350,eborn,,"Pontcharra, Parking Mairie",Voirie,Parking Mairie 38530 Pontcharra,38314,"6.020297,45.432277",2,,22.0,1,1,0,0,0,0,1,1.0,1.0,Payant,Accès libre,0,24/7,false,,,2020-06-21,Autre paiements : compte prépayé.,2023-04-05,0.0
SPBR1,,,SPBR1,contact@reseau-eborn.fr,33423100350,eborn,,"Les-Deux-Alpes, Place des Deux Alpes",Voirie,Place des Deux Alpes 38860 LES DEUX ALPES,38253,"6.12483,45.010306",2,,22.0,1,1,0,0,0,0,1,1.0,1.0,Payant,Accès libre,1,24/7,false,,,2020-08-05,Autre paiements : compte prépayé.,2023-04-05,0.0
SPBR1,,,SPBR1,contact@reseau-eborn.fr,33423100350,eborn,,"Huez, Avenue des Jeux",Voirie,Avenue des Jeux 38750 Huez,38191,"6.067759,45.09145",2,,22.0,1,1,0,0,0,0,1,1.0,1.0,Payant,Accès libre,1,24/7,false,,,2020-06-21,Autre paiements : compte prépayé.,2023-04-05,0.0
SPBR1,,,SPBR1,contact@reseau-eborn.fr,33423100350,eborn,,"Le Bourg-D'Oisans, Rue Des Colporteurs",Voirie,Rue Des Colporteurs 38520 Le Bourg-D'Oisans,38052,"6.03424,45.0555",2,,50.0,0,0,1,1,0,0,1,1.0,1.0,Payant,Accès libre,0,24/7,false,,,2020-07-20,Autre paiements : compte prépayé.,2023-04-04,0.0
SPBR1,,,SPBR1,contact@reseau-eborn.fr,33423100350,eborn,,"Voiron, Avenue Francois Mitterand",Voirie,Avenue Francois Mitterand 38500 Voiron,38563,"5.59367,45.3633",2,,50.0,0,0,1,1,0,0,1,1.0,1.0,Payant,Accès libre,0,24/7,false,,,2020-07-20,Autre paiements : compte prépayé.,2023-04-05,0.0
SPBR1,,,SPBR1,contact@reseau-eborn.fr,33423100350,eborn,,"Voiron, Avenue Francois Mitterand",Voirie,Avenue Francois Mitterand 38500 Voiron,38563,"5.59367,45.3633",2,,43.0,0,1,0,0,0,0,1,1.0,1.0,Payant,Accès libre,0,24/7,false,,,2020-07-20,Autre paiements : compte prépayé.,2023-04-05,1.0
SPBR1,,,SPBR1,contact@reseau-eborn.fr,33423100350,eborn,,"Les-Deux-Alpes, Place des Deux Alpes",Voirie,Place des Deux Alpes 38860 LES DEUX ALPES,38253,"6.12483,45.010306",2,,22.0,1,1,0,0,0,0,1,1.0,1.0,Payant,Accès libre,1,24/7,false,,,2020-08-05,Autre paiements : compte prépayé.,2023-04-04,0.0
SPBR1,,,SPBR1,contact@reseau-eborn.fr,33423100350,eborn,,"Goncelin, Rue de la Ventive",Voirie,Rue de la Ventive 38570 Goncelin,38181,"5.97673,45.3424",3,,43.0,0,1,0,0,0,0,1,1.0,1.0,Payant,Accès libre,0,24/7,false,,,2020-07-20,Autre paiements : compte prépayé.,2023-04-05,1.0
SPBR1,,,SPBR1,contact@reseau-eborn.fr,33423100350,eborn,,"Goncelin, Rue de la Ventive",Voirie,Rue de la Ventive 38570 Goncelin,38181,"5.97673,45.3424",3,,50.0,0,0,1,1,0,0,1,1.0,1.0,Payant,Accès libre,0,24/7,false,,,2020-07-20,Autre paiements : compte prépayé.,2023-04-04,0.0
SPBR1,,,SPBR1,contact@reseau-eborn.fr,33423100350,eborn,,"Montbonnot, Innovallée",Voirie,Avenue de l'Europe 38330 Montbonnot,38249,"5.812742,45.221615",2,,44.0,0,1,0,0,0,0,1,1.0,1.0,Payant,Accès libre,0,24/7,false,,,2022-03-21,Autre paiements : compte prépayé.,2023-04-05,1.0
SPBR1,,,SPBR1,contact@reseau-eborn.fr,33423100350,eborn,,"Montbonnot, Innovallée",Voirie,Avenue de l'Europe 38330 Montbonnot,38249,"5.812742,45.221615",2,,50.0,0,0,1,1,0,0,1,1.0,1.0,Payant,Accès libre,0,24/7,false,,,2022-03-21,Autre paiements : compte prépayé.,2023-04-05,0.0
SPBR1,,,SPBR1,contact@reseau-eborn.fr,33423100350,eborn,,"Le Bourg-D'Oisans, Rue Des Colporteurs",Voirie,Rue Des Colporteurs 38520 Le Bourg-D'Oisans,38052,"6.03424,45.0555",2,,43.0,0,1,0,0,0,0,1,1.0,1.0,Payant,Accès libre,0,24/7,false,,,2020-07-20,Autre paiements : compte prépayé.,2023-04-05,1.0
Protea,805089158.0,nicolas.bouyer@riester.fr,TotalEnergies Marketing France,supervision-ev.france@totalenergies.com,0483568009,RIESTER SAINT MAXIMIN,,RIESTER HYUNDAI - SAINT MAXIMIN,Parking privé réservé à la clientèle,179 rue des Droits de l'Homme 60740  Saint-Maximin,38426,"2.4680534959656213,49.2313543194067",3,,43.0,0,1,0,0,0,0,1,0.0,1.0,,Accès libre,0,"Mo-Fr 08:30-12:00,Mo-Fr 13:30-19:00,Sa 09:00-12:00,Sa 14:00-19:00",false,Indirect,Inconnu,2022-10-17,,2023-03-15,
Protea,805089158.0,nicolas.bouyer@riester.fr,TotalEnergies Marketing France,supervision-ev.france@totalenergies.com,0483568009,RIESTER SAINT MAXIMIN,,RIESTER HYUNDAI - SAINT MAXIMIN,Parking privé réservé à la clientèle,179 rue des Droits de l'Homme 60740  Saint-Maximin,38426,"2.4680534959656213,49.2313543194067",3,,50.0,0,1,1,1,0,0,1,0.0,1.0,,Accès libre,0,"Mo-Fr 08:30-12:00,Mo-Fr 13:30-19:00,Sa 09:00-12:00,Sa 14:00-19:00",false,Indirect,Inconnu,2022-10-17,,2023-03-15,
Protea,805089158.0,nicolas.bouyer@riester.fr,TotalEnergies Marketing France,supervision-ev.france@totalenergies.com,0483568009,RIESTER SAINT MAXIMIN,,RIESTER HYUNDAI - SAINT MAXIMIN,Parking privé réservé à la clientèle,179 rue des Droits de l'Homme 60740  Saint-Maximin,38426,"2.4680534959656213,49.2313543194067",3,,3.0,0,0,0,0,0,0,1,0.0,1.0,,Accès libre,0,"Mo-Fr 08:30-12:00,Mo-Fr 13:30-19:00,Sa 09:00-12:00,Sa 14:00-19:00",false,Indirect,Inconnu,2022-10-17,,2023-03-15,
La Boite A Outils,779463223.0,nicolas-savoyet@samse.fr,TotalEnergies Marketing France,supervision-ev.france@totalenergies.com,03568009,SAMSE - GRENOBLE,,Siège Social - Pitet,Parking privé à usage public,2 Rue Raymond Pitet 38100 Grenoble,38185,"5.714056171164,45.16083229416006",12,,22.0,0,1,0,0,0,0,1,0.0,1.0,,Accès libre,0,"Mo-Fr 07:45-12:15,Mo-Fr 13:30-17:30",false,Indirect,Inconnu,2023-02-24,,2023-06-02,
La Boite A Outils,779463223.0,nicolas-savoyet@samse.fr,TotalEnergies Marketing France,supervision-ev.france@totalenergies.com,03568009,SAMSE - GRENOBLE,,Siège Social - Pitet,Parking privé à usage public,2 Rue Raymond Pitet 38100 Grenoble,38185,"5.714056171164,45.16083229416006",12,,22.0,1,1,0,0,0,0,1,0.0,1.0,,Accès libre,0,"Mo-Fr 07:45-12:15,Mo-Fr 13:30-17:30",false,Indirect,Inconnu,2023-02-24,,2023-06-02,
La Boite A Outils,779463223.0,nicolas-savoyet@samse.fr,TotalEnergies Marketing France,supervision-ev.france@totalenergies.com,03568009,SAMSE - GRENOBLE,,Siège Social - Pitet,Parking privé à usage public,2 Rue Raymond Pitet 38100 Grenoble,38185,"5.714056171164,45.16083229416006",12,,22.0,1,0,0,0,0,0,1,0.0,1.0,,Accès libre,0,"Mo-Fr 07:45-12:15,Mo-Fr 13:30-17:30",false,Indirect,Inconnu,2023-02-24,,2023-06-02,
La Boite A Outils,779463223.0,nicolas-savoyet@samse.fr,TotalEnergies Marketing France,supervision-ev.france@totalenergies.com,03568009,SAMSE - GRENOBLE,,Siège Social - Pitet,Parking privé à usage public,2 Rue Raymond Pitet 38100 Grenoble,38185,"5.714056171164,45.16083229416006",12,,24.0,0,1,1,1,0,0,1,0.0,1.0,,Accès libre,0,"Mo-Fr 07:45-12:15,Mo-Fr 13:30-17:30",false,Indirect,Inconnu,2023-02-24,,2023-06-02,
La Boite A Outils,779463223.0,nicolas-savoyet@samse.fr,TotalEnergies Marketing France,supervision-ev.france@totalenergies.com,0483568009,SAMSE - ERP COMBOIRE,,Entrepôt du Bricolage - Comboire,Parking privé à usage public,2 rue du Drac 38130 Échirolles,38151,"5.690473273011127,45.148367685972154",14,,22.0,1,1,0,0,0,0,1,0.0,1.0,,Accès libre,0,Mo-Sa 07:30-19:30,false,Indirect,Inconnu,2022-10-28,,2023-02-03,
TotalEnergies Charging Services,844192443.0,supervision-ev.france@totalenergies.com,TotalEnergies Charging Services,supervision-ev.france@totalenergies.com,01 41 35 40 00,TotalEnergies Charge Rapide,,RELAIS VOREPPE,Station dédiée à la recharge rapide,A48 AIRE DE VOREPPE 38340 VOREPPE,38565,"5.623604,45.278781",6,,175.0,0,0,1,0,0,0,1,0.0,1.0,https://apps.total-ev-charge.com/charge-points,Accès réservé,0,24/7,False,Direct,50045670881413,2022-10-01,,2023-07-06,
TotalEnergies Charging Services,844192443.0,supervision-ev.france@totalenergies.com,TotalEnergies Charging Services,supervision-ev.france@totalenergies.com,01 41 35 40 00,TotalEnergies Charge Rapide,,RELAIS VOREPPE,Station dédiée à la recharge rapide,A48 AIRE DE VOREPPE 38340 VOREPPE,38565,"5.623604,45.278781",6,,43.0,0,1,0,0,0,0,1,0.0,1.0,https://apps.total-ev-charge.com/charge-points,Accès réservé,0,24/7,False,Direct,50045670881413,2022-12-14,,2023-07-06,
TotalEnergies Charging Services,844192443.0,supervision-ev.france@totalenergies.com,TotalEnergies Charging Services,supervision-ev.france@totalenergies.com,01 41 35 40 00,TotalEnergies Charge Rapide,,RELAIS VOREPPE,Station dédiée à la recharge rapide,A48 AIRE DE VOREPPE 38340 VOREPPE,38565,"5.623604,45.278781",6,,43.0,0,1,0,0,0,0,1,0.0,1.0,https://apps.total-ev-charge.com/charge-points,Accès réservé,0,24/7,False,Direct,50045670881413,2022-10-02,,2023-07-06,
TotalEnergies Charging Services,844192443.0,supervision-ev.france@totalenergies.com,TotalEnergies Charging Services,supervision-ev.france@totalenergies.com,01 41 35 40 00,TotalEnergies Charge Rapide,,RELAIS DE MEYLAN,Station dédiée à la recharge rapide,RN 87 38240 MEYLAN,38229,"5.78049,45.197767",4,,50.0,0,1,1,1,0,0,1,1.0,1.0,https://apps.total-ev-charge.com/charge-points,Accès réservé,0,24/7,False,Direct,50068097315965,2023-06-22,,2023-07-06,
TotalEnergies Charging Services,844192443.0,supervision-ev.france@totalenergies.com,TotalEnergies Charging Services,supervision-ev.france@totalenergies.com,01 41 35 40 00,TotalEnergies Charge Rapide,,RELAIS DE MEYLAN,Station dédiée à la recharge rapide,RN 87 38240 MEYLAN,38229,"5.78049,45.197767",4,,150.0,0,0,1,0,0,0,1,1.0,1.0,https://apps.total-ev-charge.com/charge-points,Accès réservé,0,24/7,False,Direct,50068097315965,2023-06-22,,2023-07-06,
SARL LE BOIS DE CORNAGE,750986200.0,contact@car2plug.fr,CAR2PLUG,contact@car2plug.fr,0988991011,SARL LE BOIS DE CORNAGE,,SARL LE BOIS DE CORNAGE,Parking privé à usage public,110 CHE DU CAMPING 38220 VIZILLE,38562,"5.7693176,45.0873099",2,,22.08,1,1,0,0,0,0,1,1.0,1.0,"0,40€ / kwh pour les non abonnés.",Accès libre,0,24/7,false,Indirect,0000000000000,2023-01-30,"Paiement par smartphone, applications et CB",2023-01-30,
WAAT sas,,,WAAT SAS | FR*WA9,exploitation@waat.fr,,WAAT,708671.0,WAAT/FRWA5LBW5OXT72,Parking privé à usage public,"61  Boulevard Paul Langevin, Fontaine  38600  France",38169,"5.677952,45.192056",2,1731794.0,22.0,1,1,0,0,0,0,1,,1.0,,Accès libre,0,24/7,False,,,,,2023-02-10,0.0
WAAT sas,,,WAAT SAS | FR*WA9,exploitation@waat.fr,,WAAT,708671.0,WAAT/FRWA5LBW5OXT72,Parking privé à usage public,"61  Boulevard Paul Langevin, Fontaine  38600  France",38169,"5.677952,45.192056",2,1731791.0,22.0,1,1,0,0,0,0,1,,1.0,,Accès libre,0,24/7,False,,,,,2023-02-10,0.0
WAAT sas,,,WAAT SAS | FR*WA9,exploitation@waat.fr,,WAAT,708680.0,WAAT/FRWA5LYO2JCJWD,Parking privé à usage public,"Rue Louis Leprince Ringuet, Voiron  38500  France",38563,"5.578569,45.382478",2,1731809.0,22.0,1,1,0,0,0,0,1,,1.0,,Accès libre,0,24/7,False,,,,,2023-02-10,0.0
WAAT sas,,,WAAT SAS | FR*WA9,exploitation@waat.fr,,WAAT,708680.0,WAAT/FRWA5LYO2JCJWD,Parking privé à usage public,"Rue Louis Leprince Ringuet, Voiron  38500  France",38563,"5.578569,45.382478",2,1731812.0,22.0,0,1,0,0,0,0,1,,1.0,,Accès libre,0,24/7,False,,,,,2023-02-10,0.0
WAAT sas,,,WAAT SAS | FR*WAT,exploitation@waat.fr,,WAAT,747294.0,WAAT/FRWATLG4H1BNUH,Voirie,"49  Rue Félix Esclangon, Grenoble  38000  France",38185,"5.708992,45.19392",1,1823118.0,22.0,0,1,0,0,0,0,1,,1.0,,Accès libre,0,24/7,False,,,,,2023-03-10,0.0
WAAT sas,,,WAAT SAS | FR*WAT,exploitation@waat.fr,,WAAT,368758.0,WAAT/FRWATLIVGBARL1,Parking privé à usage public,"14  Rue Louis Armand, Voiron  38500  France",38563,"5.578569,45.382478",2,875914.0,22.0,1,1,0,0,0,0,1,,1.0,,Accès libre,0,24/7,False,,,,,2022-05-28,0.0
WAAT sas,,,WAAT SAS | FR*WAT,exploitation@waat.fr,,WAAT,368758.0,WAAT/FRWATLIVGBARL1,Parking privé à usage public,"14  Rue Louis Armand, Voiron  38500  France",38563,"5.578569,45.382478",2,875911.0,22.0,1,1,0,0,0,0,1,,1.0,,Accès libre,0,24/7,False,,,,,2022-05-28,0.0
WAAT sas,,,WAAT SAS | FR*WAT,exploitation@waat.fr,,WAAT,368761.0,WAAT/FRWATLJGBR372D,Parking privé à usage public,"61  Boulevard Paul Langevin, Fontaine  38600  France",38169,"5.677952,45.192056",2,875920.0,22.0,1,1,0,0,0,0,1,,1.0,,Accès libre,0,24/7,False,,,,,2022-05-28,0.0
WAAT sas,,,WAAT SAS | FR*WAT,exploitation@waat.fr,,WAAT,368761.0,WAAT/FRWATLJGBR372D,Parking privé à usage public,"61  Boulevard Paul Langevin, Fontaine  38600  France",38169,"5.677952,45.192056",2,875917.0,22.0,1,1,0,0,0,0,1,,1.0,,Accès libre,0,24/7,False,,,,,2022-05-28,0.0
WAAT sas,,,WAAT SAS | FR*WAT,exploitation@waat.fr,,WAAT,747312.0,WAAT/FRWATLW1UETWWT,Voirie,"49  Rue Félix Esclangon, Grenoble  38000  France",38185,"5.70859,45.193048",1,1823265.0,22.0,1,1,0,0,0,0,1,,1.0,,Accès libre,0,24/7,False,,,,,2023-03-10,0.0
WAAT sas,,,WAAT SAS | FR*WAT,exploitation@waat.fr,,WAAT,520115.0,WAAT/FRWATLPOHCFZ2V,Parking privé à usage public,"10  Avenue Jean Kuntzmann, Montbonnot-Saint-Martin  38330  France",38249,"5.80693,45.216413",6,1248128.0,22.0,0,1,0,0,0,0,1,,1.0,,Accès libre,0,24/7,False,,,,,2022-06-23,0.0
WAAT sas,,,WAAT SAS | FR*WAT,exploitation@waat.fr,,WAAT,520115.0,WAAT/FRWATLPOHCFZ2V,Parking privé à usage public,"10  Avenue Jean Kuntzmann, Montbonnot-Saint-Martin  38330  France",38249,"5.80693,45.216413",6,1248125.0,22.0,0,1,0,0,0,0,1,,1.0,,Accès libre,0,24/7,False,,,,,2022-06-23,0.0
WAAT sas,,,WAAT SAS | FR*WAT,exploitation@waat.fr,,WAAT,520115.0,WAAT/FRWATLPOHCFZ2V,Parking privé à usage public,"10  Avenue Jean Kuntzmann, Montbonnot-Saint-Martin  38330  France",38249,"5.80693,45.216413",6,1256810.0,22.0,0,1,0,0,0,0,1,,1.0,,Accès libre,0,24/7,False,,,,,2022-06-23,0.0
WAAT sas,,,WAAT SAS | FR*WAT,exploitation@waat.fr,,WAAT,520115.0,WAAT/FRWATLPOHCFZ2V,Parking privé à usage public,"10  Avenue Jean Kuntzmann, Montbonnot-Saint-Martin  38330  France",38249,"5.80693,45.216413",6,1248134.0,22.0,0,1,0,0,0,0,1,,1.0,,Accès libre,0,24/7,False,,,,,2022-06-23,0.0
WAAT sas,,,WAAT SAS | FR*WAT,exploitation@waat.fr,,WAAT,520115.0,WAAT/FRWATLPOHCFZ2V,Parking privé à usage public,"10  Avenue Jean Kuntzmann, Montbonnot-Saint-Martin  38330  France",38249,"5.80693,45.216413",6,1256813.0,22.0,1,1,0,0,0,0,1,,1.0,,Accès libre,0,24/7,False,,,,,2022-12-30,0.0
WAAT sas,,,WAAT SAS | FR*WAT,exploitation@waat.fr,,WAAT,520115.0,WAAT/FRWATLPOHCFZ2V,Parking privé à usage public,"10  Avenue Jean Kuntzmann, Montbonnot-Saint-Martin  38330  France",38249,"5.80693,45.216413",6,1248131.0,22.0,0,1,0,0,0,0,1,,1.0,,Accès libre,0,24/7,False,,,,,2022-06-23,0.0
SMEG Développement,,,evZen | FR*EVZ,support@evzen.com,,Norauto - Bornes publiques,746976.0,Norauto - Bornes publiques/5A5A9137-B2E4-4A78-B94A-A8D8DB30F534,Parking public,"Rue de la Trémouillière, Saint-Égrève  38120  France",38382,"5.668929,45.238983",3,1822158.0,120.0,0,0,1,0,0,0,1,,1.0,,Accès libre,0,24/7,False,,,,,2023-03-31,0.0
SMEG Développement,,,evZen | FR*EVZ,support@evzen.com,,Norauto - Bornes publiques,746976.0,Norauto - Bornes publiques/5A5A9137-B2E4-4A78-B94A-A8D8DB30F534,Parking public,"Rue de la Trémouillière, Saint-Égrève  38120  France",38382,"5.668929,45.238983",3,1822164.0,22.0,0,1,0,0,0,0,1,,1.0,,Accès libre,0,24/7,False,,,,,2023-03-31,0.0
SMEG Développement,,,evZen | FR*EVZ,support@evzen.com,,Norauto - Bornes publiques,746976.0,Norauto - Bornes publiques/5A5A9137-B2E4-4A78-B94A-A8D8DB30F534,Parking public,"Rue de la Trémouillière, Saint-Égrève  38120  France",38382,"5.668929,45.238983",3,1822161.0,120.0,0,0,1,0,0,0,1,,1.0,,Accès libre,0,24/7,False,,,,,2023-03-31,0.0
SMEG Développement,,,evZen | FR*EVZ,support@evzen.com,,Norauto - Bornes publiques,740955.0,Norauto - Bornes publiques/B5AD1533-2887-456C-B285-907A103E1E65,Parking privé à usage public,"23  Avenue Salvador Allende, Échirolles  38130  France",38151,"5.725449,45.157305",3,1805181.0,120.0,0,0,1,0,0,0,1,,1.0,,Accès libre,0,24/7,False,,,,,2023-02-24,0.0
SMEG Développement,,,evZen | FR*EVZ,support@evzen.com,,Norauto - Bornes publiques,740955.0,Norauto - Bornes publiques/B5AD1533-2887-456C-B285-907A103E1E65,Parking privé à usage public,"23  Avenue Salvador Allende, Échirolles  38130  France",38151,"5.725449,45.157305",3,1805178.0,120.0,0,0,1,0,0,0,1,,1.0,,Accès libre,0,24/7,False,,,,,2023-02-24,0.0
SMEG Développement,,,evZen | FR*EVZ,support@evzen.com,,Norauto - Bornes publiques,740955.0,Norauto - Bornes publiques/B5AD1533-2887-456C-B285-907A103E1E65,Parking privé à usage public,"23  Avenue Salvador Allende, Échirolles  38130  France",38151,"5.725449,45.157305",3,1805184.0,12.0,0,1,0,0,0,0,1,,1.0,,Accès libre,0,24/7,False,,,,,2023-02-24,0.0
WAAT sas,,,WAAT SAS | FR*WA5,exploitation@waat.fr,,WAAT,805281.0,WAAT/FRWATLJ8Y3Q8UO,Parking privé à usage public,"73D  Rue Général Mangin, Grenoble  38100  France",38185,"5.716421,45.166618",2,2054436.0,22.0,1,1,0,0,0,0,1,,1.0,,Accès libre,0,24/7,False,,,,,2023-05-24,0.0
WAAT sas,,,WAAT SAS | FR*WA5,exploitation@waat.fr,,WAAT,805281.0,WAAT/FRWATLJ8Y3Q8UO,Parking privé à usage public,"73D  Rue Général Mangin, Grenoble  38100  France",38185,"5.716421,45.166618",2,2054433.0,22.0,1,1,0,0,0,0,1,,1.0,,Accès libre,0,24/7,False,,,,,2023-05-24,0.0
WAAT sas,,,WAAT SAS | FR*W11,exploitation@waat.fr,,WAAT,789183.0,WAAT/FRWA3L9HKFTGHQ,Parking public,"8  Avenue Aristide Briand, Fontaine  38600  France",38169,"5.699498,45.189336",4,2012832.0,7.4,0,1,0,0,0,0,1,,1.0,,Accès libre,0,24/7,False,,,,,2023-05-31,0.0
WAAT sas,,,WAAT SAS | FR*W11,exploitation@waat.fr,,WAAT,789183.0,WAAT/FRWA3L9HKFTGHQ,Parking public,"8  Avenue Aristide Briand, Fontaine  38600  France",38169,"5.699498,45.189336",4,2012829.0,7.4,1,1,0,0,0,0,1,,1.0,,Accès libre,0,24/7,False,,,,,2023-05-31,0.0
WAAT sas,,,WAAT SAS | FR*W11,exploitation@waat.fr,,WAAT,789183.0,WAAT/FRWA3L9HKFTGHQ,Parking public,"8  Avenue Aristide Briand, Fontaine  38600  France",38169,"5.699498,45.189336",4,2012835.0,7.4,0,1,0,0,0,0,1,,1.0,,Accès libre,0,24/7,False,,,,,2023-05-31,0.0
WAAT sas,,,WAAT SAS | FR*W11,exploitation@waat.fr,,WAAT,789183.0,WAAT/FRWA3L9HKFTGHQ,Parking public,"8  Avenue Aristide Briand, Fontaine  38600  France",38169,"5.699498,45.189336",4,2012838.0,6.9,0,1,0,0,0,0,1,,1.0,,Accès libre,0,24/7,False,,,,,2023-05-31,0.0
WAAT sas,,,WAAT SAS | FR*WA1,exploitation@waat.fr,,WAAT,706628.0,WAAT/FRWATLGJV62IQI,Parking privé à usage public,"12  Rue de Comboire, Échirolles  38130  France",38151,"5.693295,45.147098",2,1725083.0,22.0,0,1,0,0,0,0,1,,1.0,,Accès libre,0,24/7,False,,,,,2023-02-03,0.0
WAAT sas,,,WAAT SAS | FR*WA1,exploitation@waat.fr,,WAAT,706628.0,WAAT/FRWATLGJV62IQI,Parking privé à usage public,"12  Rue de Comboire, Échirolles  38130  France",38151,"5.693295,45.147098",2,1725080.0,22.0,0,1,0,0,0,0,1,,1.0,,Accès libre,0,24/7,False,,,,,2023-02-03,0.0
Fastned France,853300010.0,contact@fastned.nl,Fastned,contact@fastned.nl,0184710062,Fastned,,Aire de Saint-Nazaire les Eymes,Station dédiée à la recharge rapide,"A41S - Aire de Saint-Nazaire-les-Eymes, 38330 Saint-Nazaire-les-Eymes",38431,"5.86111,45.243833",8,,300.0,0,0,1,0,0,0,1,1.0,1.0,0.59€ / kwh,Accès libre,0,24/7,false,Direct,50069548224970,2022-12-15,,2023-01-04,
Fastned France,853300010.0,contact@fastned.nl,Fastned,contact@fastned.nl,0184710062,Fastned,,Aire de Saint-Nazaire les Eymes,Station dédiée à la recharge rapide,"A41S - Aire de Saint-Nazaire-les-Eymes, 38330 Saint-Nazaire-les-Eymes",38431,"5.86111,45.243833",8,,300.0,0,1,1,1,0,0,1,1.0,1.0,0.59€ / kwh,Accès libre,0,24/7,false,Direct,50069548224970,2022-12-15,,2023-01-04,
ALESSANDRIA AUTOS - MAZDA GRENOBLE,400447710.0,advenir@zeborne.com,ZEBORNE,advenir@zeborne.com,0252072597,ALESSANDRIA AUTOS - MAZDA GRENOBLE,49521.0,Mazda - Grenoble (Fontaine) Gauche - 22kW,Parking public,27 Boulevard Paul Langevin 38600 Fontaine,38169,"5.679598,45.191796",1,49521.0,22.0,0,1,0,0,0,1,1,0.0,1.0,0 pour utilisateur,Accès libre,1,"Mo-Fr 08:00-19:00,Sat 09:00-18:00",false,Indirect,inconnu,2020-12-02,,2020-12-02,
ALESSANDRIA AUTOS - MAZDA GRENOBLE,400447710.0,advenir@zeborne.com,ZEBORNE,advenir@zeborne.com,0252072597,ALESSANDRIA AUTOS - MAZDA GRENOBLE,49590.0,Mazda - Grenoble (Fontaine) Droite- 22kW,Parking public,27 Boulevard Paul Langevin 38600 Fontaine,38169,"5.679598,45.191796",1,49590.0,22.0,0,1,0,0,0,1,0,0.0,0.0,0 pour utilisateur,Accès libre,1,"Mo-Fr 08:00-19:00,Sat 09:00-18:00",false,Indirect,inconnu,2020-12-03,,2020-12-03,
Bricomarché - Villard de lans- SARALAM,410177661.0,advenir@zeborne.com,ZEBORNE,advenir@zeborne.com,0252072597,Bricomarché - Villard de lans- SARALAM,70565.0,Bricomarché - Villard de lans - 22kW AC,Parking public,"Rue des Machurons ZA, ZA LES GEYMONDS 38250 Villard-de-Lans",38548,"5.559237,45.087757",1,70565.0,22.0,1,1,0,0,0,0,1,0.0,1.0,,Accès libre,0,Mo-sat 09:00-19:00,false,Indirect,inconnu,2021-09-02,,2021-09-02,
Bricomarché - Villard de lans- SARALAM,410177661.0,advenir@zeborne.com,ZEBORNE,advenir@zeborne.com,0252072597,Bricomarché - Villard de lans,70564.0,Bricomarché - Villard de lans - 22kW AC,Parking public,"Rue des Machurons ZA, ZA LES GEYMONDS 38250 Villard-de-Lans",38548,"5.559237,45.087757",1,70564.0,22.0,1,1,0,0,0,0,1,0.0,1.0,,Accès libre,1,Mo-sat 09:00-19:00,false,Indirect,inconnu,2021-09-02,,2021-09-02,
