nom_amenageur,geo_point_2d,siren_amenageur,contact_amenageur,nom_operateur,contact_operateur,telephone_operateur,nom_enseigne,id_station_itinerance,id_station_local,nom_station,implantation_station,adresse_station,colonne_renomme_13,nbre_pdc,condition_acces,reservation,horaires,station_deux_roues,raccordement,num_pdl,date_mise_en_service,observations,date_maj,last_modified,datagouv_dataset_id,datagouv_resource_id,datagouv_organization_or_owner,consolidated_longitude,consolidated_latitude,consolidated_code_postal,consolidated_commune,consolidated_is_lon_lat_correct,consolidated_is_code_insee_verified,code_insee_commune,epci,id,code,type,pdc
"WAAT sas","45.192056,5.677952",,,"WAAT SAS | FR*WAT",exploitation@waat.fr,,WAAT,"Non concerné",368761,WAAT/FRWATLJGBR372D,"Parking privé à usage public","61  Boulevard Paul Langevin, Fontaine  38600  France",Array,2,"Accès libre",False,24/7,False,,,,,2022-05-28,2023-07-16T06:41:35.869000+00:00,63dccb1307e9b2f213a5130c,61387a4e-22f7-4662-b241-d5cac4dd91fd,gireve-2,5.677952,45.192056,,,False,False,38169,LaMetro,368761,368761,irve,Array
"WAAT sas","45.147098,5.693295",,,"WAAT SAS | FR*WA1",exploitation@waat.fr,,WAAT,"Non concerné",706628,WAAT/FRWATLGJV62IQI,"Parking privé à usage public","12  Rue de Comboire, Échirolles  38130  France",Array,2,"Accès libre",False,24/7,False,,,,,2023-02-03,2023-07-16T06:41:35.869000+00:00,63dccb1307e9b2f213a5130c,61387a4e-22f7-4662-b241-d5cac4dd91fd,gireve-2,5.693295,45.147098,,,False,False,38151,LaMetro,706628,706628,irve,Array
"WAAT sas","45.192056,5.677952",,,"WAAT SAS | FR*WA9",exploitation@waat.fr,,WAAT,"Non concerné",708671,WAAT/FRWA5LBW5OXT72,"Parking privé à usage public","61  Boulevard Paul Langevin, Fontaine  38600  France",Array,2,"Accès libre",False,24/7,False,,,,,2023-02-10,2023-07-16T06:41:35.869000+00:00,63dccb1307e9b2f213a5130c,61387a4e-22f7-4662-b241-d5cac4dd91fd,gireve-2,5.677952,45.192056,,,False,False,38169,LaMetro,708671,708671,irve,Array
"SMEG Développement","45.157305,5.725449",,,"evZen | FR*EVZ",support@evzen.com,,"Norauto - Bornes publiques","Non concerné",740955,"Norauto - Bornes publiques/B5AD1533-2887-456C-B285-907A103E1E65","Parking privé à usage public","23  Avenue Salvador Allende, Échirolles  38130  France",Array,3,"Accès libre",False,24/7,False,,,,,2023-02-24,2023-07-16T06:41:35.869000+00:00,63dccb1307e9b2f213a5130c,61387a4e-22f7-4662-b241-d5cac4dd91fd,gireve-2,5.725449,45.157305,,,False,False,38151,LaMetro,740955,740955,irve,Array
"SMEG Développement","45.238983,5.668929",,,"evZen | FR*EVZ",support@evzen.com,,"Norauto - Bornes publiques","Non concerné",746976,"Norauto - Bornes publiques/5A5A9137-B2E4-4A78-B94A-A8D8DB30F534","Parking public","  Rue de la Trémouillière, Saint-Égrève  38120  France",Array,3,"Accès libre",False,24/7,False,,,,,2023-03-31,2023-07-16T06:41:35.869000+00:00,63dccb1307e9b2f213a5130c,61387a4e-22f7-4662-b241-d5cac4dd91fd,gireve-2,5.668929,45.238983,,,False,False,38382,LaMetro,746976,746976,irve,Array
"WAAT sas","45.19392,5.708992",,,"WAAT SAS | FR*WAT",exploitation@waat.fr,,WAAT,"Non concerné",747294,WAAT/FRWATLG4H1BNUH,Voirie,"49  Rue Félix Esclangon, Grenoble  38000  France",Array,1,"Accès libre",False,24/7,False,,,,,2023-03-10,2023-07-16T06:41:35.869000+00:00,63dccb1307e9b2f213a5130c,61387a4e-22f7-4662-b241-d5cac4dd91fd,gireve-2,5.708992,45.19392,,,False,False,38185,LaMetro,747294,747294,irve,Array
"WAAT sas","45.193048,5.70859",,,"WAAT SAS | FR*WAT",exploitation@waat.fr,,WAAT,"Non concerné",747312,WAAT/FRWATLW1UETWWT,Voirie,"49  Rue Félix Esclangon, Grenoble  38000  France",Array,1,"Accès libre",False,24/7,False,,,,,2023-03-10,2023-07-16T06:41:35.869000+00:00,63dccb1307e9b2f213a5130c,61387a4e-22f7-4662-b241-d5cac4dd91fd,gireve-2,5.70859,45.193048,,,False,False,38185,LaMetro,747312,747312,irve,Array
"WAAT sas","45.189336,5.699498",,,"WAAT SAS | FR*W11",exploitation@waat.fr,,WAAT,"Non concerné",789183,WAAT/FRWA3L9HKFTGHQ,"Parking public","8  Avenue Aristide Briand, Fontaine  38600  France",Array,4,"Accès libre",False,24/7,False,,,,,2023-05-31,2023-07-16T06:41:35.869000+00:00,63dccb1307e9b2f213a5130c,61387a4e-22f7-4662-b241-d5cac4dd91fd,gireve-2,5.699498,45.189336,,,False,False,38169,LaMetro,789183,789183,irve,Array
"WAAT sas","45.166618,5.716421",,,"WAAT SAS | FR*WA5",exploitation@waat.fr,,WAAT,"Non concerné",805281,WAAT/FRWATLJ8Y3Q8UO,"Parking privé à usage public","73D  Rue Général Mangin, Grenoble  38100  France",Array,2,"Accès libre",False,24/7,False,,,,,2023-05-24,2023-07-16T06:41:35.869000+00:00,63dccb1307e9b2f213a5130c,61387a4e-22f7-4662-b241-d5cac4dd91fd,gireve-2,5.716421,45.166618,,,False,False,38185,LaMetro,805281,805281,irve,Array
ELECTRA,"45.216314,5.682108",891624884,help@electra.com,ELECTRA,help@electra.com,,ELECTRA,FRELCPSEGBU,,"Saint-Égrève - BUT","Station dédiée à la recharge rapide","3 avenue de l'Île Brune 38120 Saint-Égrève",Array,4,"Accès libre",true,24/7,false,Direct,N/A,2023-04-21,"Télécharger l'application ELECTRA pour réserver et payer sur go-electra.com",2023-07-17,2023-07-17T03:05:23.766000+00:00,623ca46c13130c3228abd018,e9bb3424-77cd-40ba-8bbd-5a19362d0365,electra,5.682108,45.216314,38120,Saint-Égrève,True,True,38382,LaMetro,FRELCPSEGBU,FRELCPSEGBU,irve,Array
,"45.214781,5.685096",,info@chargepoint.com,,info@chargepoint.com,,"SONEPAR LE VINOUX",FRCPIE6635955,FRCPIE6635955,"SONEPAR LE VINOUX",Voirie,"24 Rue Louis Gagnière, 38950 Saint-Martin-le-Vinoux",Array,2,"Accès libre",false,24/7,false,,,2022-10-12,"EF connector is available at the site separately",2023-07-15,2023-07-16T10:57:48.369000+00:00,64060c2ac773dcf3fabbe5d2,b11113db-875d-41c7-8673-0cf8ad43e917,eco-movement,5.685096,45.214781,,,False,False,38423,LaMetro,FRCPIE6635955,FRCPIE6635955,irve,Array
,"45.165133,5.767761",,info@chargepoint.com,,info@chargepoint.com,,"SONEPAR AED ST-M.HERES",FRCPIE6735845,FRCPIE6735845,"SONEPAR AED ST-M.HERES",Voirie,"38 Pl. de la Liberté, 38400 Saint-Martin-d'Hères",Array,2,"Accès réservé",false,"Mo 06:30-19:00,Tu 06:30-19:00,We 06:30-19:00,Th 06:30-19:00,Fr 06:30-19:00",false,,,2023-06-26,"EF connector is available at the site separately",2023-07-15,2023-07-16T10:57:48.369000+00:00,64060c2ac773dcf3fabbe5d2,b11113db-875d-41c7-8673-0cf8ad43e917,eco-movement,5.767761,45.165133,,,False,False,38421,LaMetro,FRCPIE6735845,FRCPIE6735845,irve,Array
"MA BORNE AUTO","45.1810981,5.7257621",880217922,e.barre@maborneauto.com,"Non concerné",e.barre@maborneauto.com,361626161,"DLM GRENOBLE","Non concerné",3cb2f22b-7514-4d79-b8ab-327dad07489e,"DLM GRENOBLE","Parking privé à usage public","89 RUE MALIFAUD",Array,1,"Accès libre",0,24/7,0,Indirect,19698552757281,2022-03-30,,2022-03-30,2023-07-16T06:44:05.542000+00:00,626a833bf5febf594c9fb4c9,fcae991f-874f-463e-a430-88a734456fc5,ma-borne-auto,5.7257621,45.1810981,,Grenoble,True,True,38185,LaMetro,3cb2f22b-7514-4d79-b8ab-327dad07489e,3cb2f22b-7514-4d79-b8ab-327dad07489e,irve,Array
"AEV ATELIER ELECTRIQUE VOIRONNAIS","45.16,5.76",404675878,contact@aevelec.fr,FRESHMILE,exploitation@freshmile.com,"03 68 78 14 35","SATORIZ GRENOBLE ROCADE",FRFR1ECMXH,,"BORNE 1 SATORIZ GRENOBLE ROCADE","Parking privé à usage public","9 RUE DU BEAL, 38400, ST MARTIN D'HERES, FRANCE",Array,1,"Accès libre",false,24/7,false,Indirect,19302604816408,2021-05-27,,2021-06-22,2023-07-16T06:43:08.884000+00:00,60d1b7c67b34dc99f7aac03f,e8f06858-f37f-49c0-b183-acbd239f9e99,lionel-gaillard,5.76,45.16,38400,Saint-Martin-d'Hères,False,True,38421,LaMetro,FRFR1ECMXH,FRFR1ECMXH,irve,Array
BOTANIC,"45.15944978,5.6941247",312910557,support@alizecharge.fr,"Bouygues E&S",support@alizecharge.fr,805022784,"CPO Alizé Liberté Public",FRBE1P38486001,,"SEYSSINS - Rue du Dr Schweitzer ",Voirie,"16 Rue du Dr Schweitzer 38180 SEYSSINS",Array,5,"Accès libre",FALSE,"Mo-Su 00:00-23:59",FALSE,Direct,0,2023-02-08,,2023-03-17,2023-07-16T06:43:07.095000+00:00,5af5a68ac751df3d2396f09e,f47a3b1f-305b-4ab4-bf98-f4c790f69f26,alexandre-court-2,5.6941247,45.15944978,38180,Seyssins,True,True,38486,LaMetro,FRBE1P38486001,FRBE1P38486001,irve,Array
"Grenoble-Alpes Métropole","45.1470172,5.7547996",123456789,support@alizecharge.fr,"Bouygues E&S",support@alizecharge.fr,805022428,"Grenoble-Alpes Métropole",FRM38P38158001,,"EYBENS - Parking Relais Eybens Le Verderet",Voirie," Avenue des Maquis de l'Oisans 38320 EYBENS",Array,2,"Accès libre",FALSE,"Mo-Su 00:00-23:59",FALSE,Direct,0,2023-03-10,,2023-03-17,2023-07-16T06:43:07.095000+00:00,5af5a68ac751df3d2396f09e,f47a3b1f-305b-4ab4-bf98-f4c790f69f26,alexandre-court-2,5.7547996,45.1470172,38320,Eybens,True,True,38158,LaMetro,FRM38P38158001,FRM38P38158001,irve,Array
"Grenoble-Alpes Métropole","45.18895,5.723815",123456789,support@alizecharge.fr,"Bouygues E&S",support@alizecharge.fr,805022341,"Grenoble-Alpes Métropole",FRM38P38185020,,"GRENOBLE - Place Victor Hugo - Victor Hugo",Voirie,"GRENOBLE - Place Victor Hugo - Victor Hugo",Array,1,"Accès libre",FALSE,"Mo-Su 00:00-23:59",FALSE,Direct,0,2019-08-08,,2023-03-17,2023-07-16T06:43:07.095000+00:00,5af5a68ac751df3d2396f09e,f47a3b1f-305b-4ab4-bf98-f4c790f69f26,alexandre-court-2,5.723815,45.18895,,Grenoble,True,True,38185,LaMetro,FRM38P38185020,FRM38P38185020,irve,Array
"Grenoble-Alpes Métropole","45.1881051,5.7836658",123456789,support@alizecharge.fr,"Bouygues E&S",support@alizecharge.fr,805023573,"Grenoble-Alpes Métropole",FRM38P38179002,,"GIERES - Parking Relais Gières Plaine des Sports",Voirie," Rue des Glairons 38610 GIERES",Array,6,"Accès libre",FALSE,"Mo-Su 00:00-23:59",FALSE,Direct,0,2023-03-10,,2023-03-17,2023-07-16T06:43:07.095000+00:00,5af5a68ac751df3d2396f09e,f47a3b1f-305b-4ab4-bf98-f4c790f69f26,alexandre-court-2,5.7836658,45.1881051,38610,Gières,True,True,38179,LaMetro,FRM38P38179002,FRM38P38179002,irve,Array
"Grenoble-Alpes Métropole","45.18938,5.72949",123456789,support@alizecharge.fr,"Bouygues E&S",support@alizecharge.fr,805023675,"Grenoble-Alpes Métropole",FRM38P38185001,,"GRENOBLE - Place Jean Achard (CITIZ)",Voirie," Place Jean Achard (CITIZ) 38000 GRENOBLE",Array,3,"Accès libre",FALSE,"Mo-Su 00:00-23:59",FALSE,Direct,0,2021-11-09,,2023-03-17,2023-07-16T06:43:07.095000+00:00,5af5a68ac751df3d2396f09e,f47a3b1f-305b-4ab4-bf98-f4c790f69f26,alexandre-court-2,5.72949,45.18938,,Grenoble,True,True,38185,LaMetro,FRM38P38185001,FRM38P38185001,irve,Array
"Grenoble-Alpes Métropole","45.17965,5.69592",123456789,support@alizecharge.fr,"Bouygues E&S",support@alizecharge.fr,805022984,"Grenoble-Alpes Métropole",FRM38P38485002,,"SEYSSINET-PARISET - Parking Lamartine",Voirie," Rue Lamartine  38170 SEYSSINET-PARISET",Array,2,"Accès libre",FALSE,"Mo-Su 00:00-23:59",FALSE,Direct,0,2023-01-25,,2023-03-17,2023-07-16T06:43:07.095000+00:00,5af5a68ac751df3d2396f09e,f47a3b1f-305b-4ab4-bf98-f4c790f69f26,alexandre-court-2,5.69592,45.17965,38170,Seyssinet-Pariset,True,True,38485,LaMetro,FRM38P38485002,FRM38P38485002,irve,Array
"Grenoble-Alpes Métropole","45.2210071,5.6597259",123456789,support@alizecharge.fr,"Bouygues E&S",support@alizecharge.fr,805022988,"Grenoble-Alpes Métropole",FRM38P38474002,,"SASSENAGE - Parking Relais Engenieres",Voirie,"1 Rue des Engenières 38360 SASSENAGE",Array,2,"Accès libre",FALSE,"Mo-Su 00:00-23:59",FALSE,Direct,0,2023-02-13,,2023-03-17,2023-07-16T06:43:07.095000+00:00,5af5a68ac751df3d2396f09e,f47a3b1f-305b-4ab4-bf98-f4c790f69f26,alexandre-court-2,5.6597259,45.2210071,38360,Sassenage,True,True,38474,LaMetro,FRM38P38474002,FRM38P38474002,irve,Array
"Grenoble-Alpes Métropole","45.20246463,5.83856923",123456789,support@alizecharge.fr,"Bouygues E&S",support@alizecharge.fr,805022996,"Grenoble-Alpes Métropole",FRM38P38150001,,"DOMENE - Rue du Colonel Fouque",Voirie," Rue du Colonel Fouque 38420 DOMENE",Array,1,"Accès libre",FALSE,"Mo-Su 00:00-23:59",FALSE,Direct,0,2023-01-19,,2023-03-17,2023-07-16T06:43:07.095000+00:00,5af5a68ac751df3d2396f09e,f47a3b1f-305b-4ab4-bf98-f4c790f69f26,alexandre-court-2,5.83856923,45.20246463,38420,Domène,True,True,38150,LaMetro,FRM38P38150001,FRM38P38150001,irve,Array
"Grenoble-Alpes Métropole","45.171972,5.757846",123456789,support@alizecharge.fr,"Bouygues E&S",support@alizecharge.fr,805023299,"Grenoble-Alpes Métropole",FRM38P38421003,,"SAINT-MARTIN-D'HERES - Etienne Grappe",Voirie," Rue Henri Wallon 38400 SAINT-MARTIN-D'HERES",Array,2,"Accès libre",FALSE,"Mo-Su 00:00-23:59",FALSE,Direct,0,2023-02-24,,2023-03-17,2023-07-16T06:43:07.095000+00:00,5af5a68ac751df3d2396f09e,f47a3b1f-305b-4ab4-bf98-f4c790f69f26,alexandre-court-2,5.757846,45.171972,38400,Saint-Martin-d'Hères,True,True,38421,LaMetro,FRM38P38421003,FRM38P38421003,irve,Array
"Grenoble-Alpes Métropole","45.19574,5.710719",123456789,support@alizecharge.fr,"Bouygues E&S",support@alizecharge.fr,805023237,"Grenoble-Alpes Métropole",FRM38P38185006,,"GRENOBLE - Rue Félix Esclangon - Cité Internationale",Voirie,"GRENOBLE - Rue Félix Esclangon - Cité Internationale",Array,1,"Accès libre",FALSE,"Mo-Su 00:00-23:59",FALSE,Direct,0,2019-08-15,,2023-03-17,2023-07-16T06:43:07.095000+00:00,5af5a68ac751df3d2396f09e,f47a3b1f-305b-4ab4-bf98-f4c790f69f26,alexandre-court-2,5.710719,45.19574,,Grenoble,True,True,38185,LaMetro,FRM38P38185006,FRM38P38185006,irve,Array
"Grenoble-Alpes Métropole","45.18818,5.727",123456789,support@alizecharge.fr,"Bouygues E&S",support@alizecharge.fr,805023242,"Grenoble-Alpes Métropole",FRM38P38185019,,"GRENOBLE - Place Dr Léon Martin - Vaucanson (CITIZ)",Voirie," Place Dr Léon Martin - Vaucanson (CITIZ) 38000 GRENOBLE",Array,4,"Accès libre",FALSE,"Mo-Su 00:00-23:59",FALSE,Direct,0,2021-08-26,,2023-03-17,2023-07-16T06:43:07.095000+00:00,5af5a68ac751df3d2396f09e,f47a3b1f-305b-4ab4-bf98-f4c790f69f26,alexandre-court-2,5.727,45.18818,,Grenoble,True,True,38185,LaMetro,FRM38P38185019,FRM38P38185019,irve,Array
"Grenoble-Alpes Métropole","45.18551,5.729505",123456789,support@alizecharge.fr,"Bouygues E&S",support@alizecharge.fr,805021571,"Grenoble-Alpes Métropole",FRM38P38185013,,"GRENOBLE - Place André Malraux - CCI",Voirie,"GRENOBLE - Place André Malraux - CCI",Array,3,"Accès libre",FALSE,"Mo-Su 00:00-23:59",FALSE,Direct,0,2021-05-06,,2023-03-17,2023-07-16T06:43:07.095000+00:00,5af5a68ac751df3d2396f09e,f47a3b1f-305b-4ab4-bf98-f4c790f69f26,alexandre-court-2,5.729505,45.18551,,Grenoble,True,True,38185,LaMetro,FRM38P38185013,FRM38P38185013,irve,Array
"Grenoble-Alpes Métropole","45.19302,5.725525",123456789,support@alizecharge.fr,"Bouygues E&S",support@alizecharge.fr,805021908,"Grenoble-Alpes Métropole",FRM38P38185017,,"GRENOBLE - Quai Stéphane Jay",Voirie,"GRENOBLE - Quai Stéphane Jay",Array,1,"Accès libre",FALSE,"Mo-Su 00:00-23:59",FALSE,Direct,0,2019-06-21,,2023-03-17,2023-07-16T06:43:07.095000+00:00,5af5a68ac751df3d2396f09e,f47a3b1f-305b-4ab4-bf98-f4c790f69f26,alexandre-court-2,5.725525,45.19302,,Grenoble,True,True,38185,LaMetro,FRM38P38185017,FRM38P38185017,irve,Array
"Grenoble-Alpes Métropole","45.2541131,5.6607537",123456789,support@alizecharge.fr,"Bouygues E&S",support@alizecharge.fr,805025898,"Grenoble-Alpes Métropole",FRM38P38120001,,"PALLUEL - Parking Le Fontanil Cornillon",Voirie," Rue des Mûriers 38120 PALLUEL",Array,8,"Accès libre",FALSE,"Mo-Su 00:00-23:59",FALSE,Direct,0,2022-11-30,,2023-03-17,2023-07-16T06:43:07.095000+00:00,5af5a68ac751df3d2396f09e,f47a3b1f-305b-4ab4-bf98-f4c790f69f26,alexandre-court-2,5.6607537,45.2541131,38120,Fontanil-Cornillon,True,True,38170,LaMetro,FRM38P38120001,FRM38P38120001,irve,Array
"Grenoble-Alpes Métropole","45.19407,5.731627",123456789,support@alizecharge.fr,"Bouygues E&S",support@alizecharge.fr,805025895,"Grenoble-Alpes Métropole",FRM38P38185015,,"GRENOBLE - Place De Lavalette - ND - Musée",Voirie,"GRENOBLE - Place De Lavalette - ND - Musée",Array,1,"Accès libre",FALSE,"Mo-Su 00:00-23:59",FALSE,Direct,0,2019-08-01,,2023-03-17,2023-07-16T06:43:07.095000+00:00,5af5a68ac751df3d2396f09e,f47a3b1f-305b-4ab4-bf98-f4c790f69f26,alexandre-court-2,5.731627,45.19407,,Grenoble,True,True,38185,LaMetro,FRM38P38185015,FRM38P38185015,irve,Array
"Grenoble-Alpes Métropole","45.17461,5.724746",123456789,support@alizecharge.fr,"Bouygues E&S",support@alizecharge.fr,805025894,"Grenoble-Alpes Métropole",FRM38P38185002,,"GRENOBLE - Rue Jacquard - Balzac",Voirie,"GRENOBLE - Rue Jacquard - Balzac",Array,1,"Accès libre",FALSE,"Mo-Su 00:00-23:59",FALSE,Direct,0,2019-08-01,,2023-03-17,2023-07-16T06:43:07.095000+00:00,5af5a68ac751df3d2396f09e,f47a3b1f-305b-4ab4-bf98-f4c790f69f26,alexandre-court-2,5.724746,45.17461,,Grenoble,True,True,38185,LaMetro,FRM38P38185002,FRM38P38185002,irve,Array
"Grenoble-Alpes Métropole","45.20505,5.699334",123456789,support@alizecharge.fr,"Bouygues E&S",support@alizecharge.fr,805025891,"Grenoble-Alpes Métropole",FRM38P38185010,,"GRENOBLE - Rue Jules Horowitz - Horowitz",Voirie,"GRENOBLE - Rue Jules Horowitz - Horowitz",Array,1,"Accès libre",FALSE,"Mo-Su 00:00-23:59",FALSE,Direct,0,2019-07-02,,2023-03-17,2023-07-16T06:43:07.095000+00:00,5af5a68ac751df3d2396f09e,f47a3b1f-305b-4ab4-bf98-f4c790f69f26,alexandre-court-2,5.699334,45.20505,,Grenoble,True,True,38185,LaMetro,FRM38P38185010,FRM38P38185010,irve,Array
"Grenoble-Alpes Métropole","45.1916,5.769781",123456789,support@alizecharge.fr,"Bouygues E&S",support@alizecharge.fr,805025914,"Grenoble-Alpes Métropole",FRM38P38421001,,"SAINT-MARTIN-D'HERES - Avenue Centrale - BU",Voirie,"SAINT-MARTIN-D'HERES - Avenue Centrale - BU",Array,1,"Accès libre",FALSE,"Mo-Su 00:00-23:59",FALSE,Direct,0,2019-09-05,,2023-03-17,2023-07-16T06:43:07.095000+00:00,5af5a68ac751df3d2396f09e,f47a3b1f-305b-4ab4-bf98-f4c790f69f26,alexandre-court-2,5.769781,45.1916,38400,Saint-Martin-d'Hères,True,True,38421,LaMetro,FRM38P38421001,FRM38P38421001,irve,Array
"Grenoble-Alpes Métropole","45.165259,5.691263",123456789,support@alizecharge.fr,"Bouygues E&S",support@alizecharge.fr,805025913,"Grenoble-Alpes Métropole",FRM38P38486001,,"SEYSSINS - Parking Le Prisme",Voirie," Allée Roger Rahon 38180 SEYSSINS",Array,6,"Accès libre",FALSE,"Mo-Su 00:00-23:59",FALSE,Direct,0,2022-11-25,,2023-03-17,2023-07-16T06:43:07.095000+00:00,5af5a68ac751df3d2396f09e,f47a3b1f-305b-4ab4-bf98-f4c790f69f26,alexandre-court-2,5.691263,45.165259,38180,Seyssins,True,True,38486,LaMetro,FRM38P38486001,FRM38P38486001,irve,Array
"Grenoble-Alpes Métropole","45.21114,5.786497",123456789,support@alizecharge.fr,"Bouygues E&S",support@alizecharge.fr,805025908,"Grenoble-Alpes Métropole",FRM38P38185014,,"MEYLAN - Allée Des Amphores",Voirie,"MEYLAN - Allée Des Amphores",Array,3,"Accès libre",FALSE,"Mo-Su 00:00-23:59",FALSE,Direct,0,2022-08-11,,2023-03-17,2023-07-16T06:43:07.095000+00:00,5af5a68ac751df3d2396f09e,f47a3b1f-305b-4ab4-bf98-f4c790f69f26,alexandre-court-2,5.786497,45.21114,,,False,False,38185,LaMetro,FRM38P38185014,FRM38P38185014,irve,Array
"Grenoble-Alpes Métropole","45.16981,5.712591",123456789,support@alizecharge.fr,"Bouygues E&S",support@alizecharge.fr,805024808,"Grenoble-Alpes Métropole",FRM38P38185012,,"GRENOBLE - Cours De La Libération Et Du Général De Gaulle - Louise Michel",Voirie,"GRENOBLE - Cours De La Libération Et Du Général De Gaulle - Louise Michel",Array,1,"Accès libre",FALSE,"Mo-Su 00:00-23:59",FALSE,Direct,0,2019-08-12,,2023-03-17,2023-07-16T06:43:07.095000+00:00,5af5a68ac751df3d2396f09e,f47a3b1f-305b-4ab4-bf98-f4c790f69f26,alexandre-court-2,5.712591,45.16981,,Grenoble,True,True,38185,LaMetro,FRM38P38185012,FRM38P38185012,irve,Array
"Grenoble-Alpes Métropole","45.24273237,5.6692959",123456789,support@alizecharge.fr,"Bouygues E&S",support@alizecharge.fr,805026353,"Grenoble-Alpes Métropole",FRM38P38382002,,"SAINT-EGREVE - Parking  Karben",Voirie,"15 Route de Lyon 38120 SAINT-EGREVE",Array,4,"Accès libre",FALSE,"Mo-Su 00:00-23:59",FALSE,Direct,0,2022-11-29,,2023-03-17,2023-07-16T06:43:07.095000+00:00,5af5a68ac751df3d2396f09e,f47a3b1f-305b-4ab4-bf98-f4c790f69f26,alexandre-court-2,5.6692959,45.24273237,38120,Saint-Égrève,True,True,38382,LaMetro,FRM38P38382002,FRM38P38382002,irve,Array
"Grenoble-Alpes Métropole","45.18462,5.784519",123456789,support@alizecharge.fr,"Bouygues E&S",support@alizecharge.fr,805026347,"Grenoble-Alpes Métropole",FRM38P38185011,,"GIERES - Rue De La Gare",Voirie,"GIERES - Rue De La Gare",Array,1,"Accès libre",FALSE,"Mo-Su 00:00-23:59",FALSE,Direct,0,2019-10-11,,2023-03-17,2023-07-16T06:43:07.095000+00:00,5af5a68ac751df3d2396f09e,f47a3b1f-305b-4ab4-bf98-f4c790f69f26,alexandre-court-2,5.784519,45.18462,,,False,False,38185,LaMetro,FRM38P38185011,FRM38P38185011,irve,Array
"Grenoble-Alpes Métropole","45.18509,5.719674",123456789,support@alizecharge.fr,"Bouygues E&S",support@alizecharge.fr,805024990,"Grenoble-Alpes Métropole",FRM38P38185018,,"GRENOBLE - Rue Thiers",Voirie,"GRENOBLE - Rue Thiers",Array,1,"Accès libre",FALSE,"Mo-Su 00:00-23:59",FALSE,Direct,0,2019-06-26,,2023-03-17,2023-07-16T06:43:07.095000+00:00,5af5a68ac751df3d2396f09e,f47a3b1f-305b-4ab4-bf98-f4c790f69f26,alexandre-court-2,5.719674,45.18509,,Grenoble,True,True,38185,LaMetro,FRM38P38185018,FRM38P38185018,irve,Array
"Grenoble-Alpes Métropole","45.139902,5.721625",123456789,support@alizecharge.fr,"Bouygues E&S",support@alizecharge.fr,805025401,"Grenoble-Alpes Métropole",FRM38P38151002,,"ECHIROLLES - Avenue de la République",Voirie," Avenue de la République 38130 ECHIROLLES",Array,2,"Accès libre",FALSE,"Mo-Su 00:00-23:59",FALSE,Direct,0,2022-08-05,,2023-03-17,2023-07-16T06:43:07.095000+00:00,5af5a68ac751df3d2396f09e,f47a3b1f-305b-4ab4-bf98-f4c790f69f26,alexandre-court-2,5.721625,45.139902,38130,Échirolles,True,True,38151,LaMetro,FRM38P38151002,FRM38P38151002,irve,Array
"Grenoble-Alpes Métropole","45.19941,5.7508",123456789,support@alizecharge.fr,"Bouygues E&S",support@alizecharge.fr,805025398,"Grenoble-Alpes Métropole",FRM38P38516001,,"LA TRONCHE - Avenue De L'Obiou (CITIZ)",Voirie," Avenue De L'Obiou (CITIZ) 38700 LA TRONCHE",Array,3,"Accès libre",FALSE,"Mo-Su 00:00-23:59",FALSE,Direct,0,2021-05-13,,2023-03-17,2023-07-16T06:43:07.095000+00:00,5af5a68ac751df3d2396f09e,f47a3b1f-305b-4ab4-bf98-f4c790f69f26,alexandre-court-2,5.7508,45.19941,38700,"La Tronche",True,True,38516,LaMetro,FRM38P38516001,FRM38P38516001,irve,Array
"Grenoble-Alpes Métropole","45.2941808,5.7657409",123456789,support@alizecharge.fr,"Bouygues E&S",support@alizecharge.fr,805025396,"Grenoble-Alpes Métropole",FRM38P38472001,,"SARCENAS - Parking Route du Charmant Som",Voirie,"445 Route du Charmant Som 38700 SARCENAS",Array,2,"Accès libre",FALSE,"Mo-Su 00:00-23:59",FALSE,Direct,0,2023-01-19,,2023-03-17,2023-07-16T06:43:07.095000+00:00,5af5a68ac751df3d2396f09e,f47a3b1f-305b-4ab4-bf98-f4c790f69f26,alexandre-court-2,5.7657409,45.2941808,38700,Sarcenas,True,True,38472,LaMetro,FRM38P38472001,FRM38P38472001,irve,Array
"Grenoble-Alpes Métropole","45.1031403,5.6865667",123456789,support@alizecharge.fr,"Bouygues E&S",support@alizecharge.fr,805025394,"Grenoble-Alpes Métropole",FRM38P38524001,,"VARCES-ALLIERES-ET-RISSET - Le parking-relais du Grand Rochefort",Voirie," D1075 Le grand Rochefort 38760 VARCES-ALLIERES-ET-RISSET",Array,4,"Accès libre",FALSE,"Mo-Su 00:00-23:59",FALSE,Direct,0,2023-03-13,,2023-03-17,2023-07-16T06:43:07.095000+00:00,5af5a68ac751df3d2396f09e,f47a3b1f-305b-4ab4-bf98-f4c790f69f26,alexandre-court-2,5.6865667,45.1031403,38760,Varces-Allières-et-Risset,True,True,38524,LaMetro,FRM38P38524001,FRM38P38524001,irve,Array
"Grenoble-Alpes Métropole","45.13755,5.703982",123456789,support@alizecharge.fr,"Bouygues E&S",support@alizecharge.fr,805025389,"Grenoble-Alpes Métropole",FRM38P38317001,,"PONT-DE-CLAIX - Parking-Relais L'Etoile",Voirie,"PONT-DE-CLAIX - Parking-Relais L'Etoile",Array,4,"Accès libre",FALSE,"Mo-Su 00:00-23:59",FALSE,Direct,0,2021-06-03,,2023-03-17,2023-07-16T06:43:07.095000+00:00,5af5a68ac751df3d2396f09e,f47a3b1f-305b-4ab4-bf98-f4c790f69f26,alexandre-court-2,5.703982,45.13755,38800,"Le Pont-de-Claix",True,True,38317,LaMetro,FRM38P38317001,FRM38P38317001,irve,Array
"Grenoble-Alpes Métropole","45.1532227,5.7191342",123456789,support@alizecharge.fr,"Bouygues E&S",support@alizecharge.fr,805025433,"Grenoble-Alpes Métropole",FRM38P38151001,,"ECHIROLLES - Parking Relais Échirolles - Gare",Voirie," Rue de Provence 38130 ECHIROLLES",Array,6,"Accès libre",FALSE,"Mo-Su 00:00-23:59",FALSE,Direct,0,2023-03-03,,2023-03-17,2023-07-16T06:43:07.095000+00:00,5af5a68ac751df3d2396f09e,f47a3b1f-305b-4ab4-bf98-f4c790f69f26,alexandre-court-2,5.7191342,45.1532227,38130,Échirolles,True,True,38151,LaMetro,FRM38P38151001,FRM38P38151001,irve,Array
"Grenoble-Alpes Métropole","45.1566238,5.7356288",123456789,support@alizecharge.fr,"Bouygues E&S",support@alizecharge.fr,805025440,"Grenoble-Alpes Métropole",FRM38P38185021,,"GRENOBLE - Alpexpo - Rue Henri Barbusse",Voirie," Rue Henri Barbusse 38100 GRENOBLE",Array,2,"Accès libre",FALSE,"Mo-Su 00:00-23:59",FALSE,Direct,0,2023-03-02,,2023-03-17,2023-07-16T06:43:07.095000+00:00,5af5a68ac751df3d2396f09e,f47a3b1f-305b-4ab4-bf98-f4c790f69f26,alexandre-court-2,5.7356288,45.1566238,,Grenoble,True,True,38185,LaMetro,FRM38P38185021,FRM38P38185021,irve,Array
"Grenoble-Alpes Métropole","45.11932681,5.67071661",123456789,support@alizecharge.fr,"Bouygues E&S",support@alizecharge.fr,805025437,"Grenoble-Alpes Métropole",FRM38P38111001,,"CLAIX - Place du Champ de Foire",Voirie," Place du Champ de Foire 38640 CLAIX",Array,1,"Accès libre",FALSE,"Mo-Su 00:00-23:59",FALSE,Direct,0,2023-01-19,,2023-03-17,2023-07-16T06:43:07.095000+00:00,5af5a68ac751df3d2396f09e,f47a3b1f-305b-4ab4-bf98-f4c790f69f26,alexandre-court-2,5.67071661,45.11932681,38640,Claix,True,True,38111,LaMetro,FRM38P38111001,FRM38P38111001,irve,Array
"Grenoble-Alpes Métropole","45.19191,5.757221",123456789,support@alizecharge.fr,"Bouygues E&S",support@alizecharge.fr,805025436,"Grenoble-Alpes Métropole",FRM38P38421002,,"SAINT-MARTIN-D'HERES - Rue De La Houille Blanche - Les taillées",Voirie,"SAINT-MARTIN-D'HERES - Rue De La Houille Blanche - Les taillées",Array,1,"Accès libre",FALSE,"Mo-Su 00:00-23:59",FALSE,Direct,0,2019-10-11,,2023-03-17,2023-07-16T06:43:07.095000+00:00,5af5a68ac751df3d2396f09e,f47a3b1f-305b-4ab4-bf98-f4c790f69f26,alexandre-court-2,5.757221,45.19191,38400,Saint-Martin-d'Hères,True,True,38421,LaMetro,FRM38P38421002,FRM38P38421002,irve,Array
"Grenoble-Alpes Métropole","45.20678538,5.66369443",123456789,support@alizecharge.fr,"Bouygues E&S",support@alizecharge.fr,805025353,"Grenoble-Alpes Métropole",FRM38P38474003,,"SASSENAGE - Mairie de Sassenage",Voirie,"1 Place de la Libération 38360 SASSENAGE",Array,2,"Accès libre",FALSE,"Mo-Su 00:00-23:59",FALSE,Direct,0,2022-11-29,,2023-03-17,2023-07-16T06:43:07.095000+00:00,5af5a68ac751df3d2396f09e,f47a3b1f-305b-4ab4-bf98-f4c790f69f26,alexandre-court-2,5.66369443,45.20678538,38360,Sassenage,True,True,38474,LaMetro,FRM38P38474003,FRM38P38474003,irve,Array
"Grenoble-Alpes Métropole","45.1669329,5.7056218",123456789,support@alizecharge.fr,"Bouygues E&S",support@alizecharge.fr,805025355,"Grenoble-Alpes Métropole",FRM38P38185022,,"GRENOBLE - Rue Albert Reynier (Lesdiguières)",Voirie,"12 Rue Albert Reynier 38100 GRENOBLE",Array,2,"Accès libre",FALSE,"Mo-Su 00:00-23:59",FALSE,Direct,0,2023-02-13,,2023-03-17,2023-07-16T06:43:07.095000+00:00,5af5a68ac751df3d2396f09e,f47a3b1f-305b-4ab4-bf98-f4c790f69f26,alexandre-court-2,5.7056218,45.1669329,,Grenoble,True,True,38185,LaMetro,FRM38P38185022,FRM38P38185022,irve,Array
"Grenoble-Alpes Métropole","45.07475,5.772369",123456789,support@alizecharge.fr,"Bouygues E&S",support@alizecharge.fr,805025357,"Grenoble-Alpes Métropole",FRM38P38185023,,"VIZILLE - Domaine Vizille",Voirie," Rue Emelie Cros 38100 VIZILLE",Array,1,"Accès libre",FALSE,"Mo-Su 00:00-23:59",FALSE,Direct,0,2023-03-02,,2023-03-17,2023-07-16T06:43:07.095000+00:00,5af5a68ac751df3d2396f09e,f47a3b1f-305b-4ab4-bf98-f4c790f69f26,alexandre-court-2,5.772369,45.07475,38100,Grenoble,False,True,38185,LaMetro,FRM38P38185023,FRM38P38185023,irve,Array
"Grenoble-Alpes Métropole","45.1959958,5.7129556",123456789,support@alizecharge.fr,"Bouygues E&S",support@alizecharge.fr,805025378,"Grenoble-Alpes Métropole",FRM38P38185024,,"GRENOBLE - Rue Arago",Voirie," Rue Arago 38000 GRENOBLE",Array,1,"Accès libre",FALSE,"Mo-Su 00:00-23:59",FALSE,Direct,0,2022-09-29,,2023-03-17,2023-07-16T06:43:07.095000+00:00,5af5a68ac751df3d2396f09e,f47a3b1f-305b-4ab4-bf98-f4c790f69f26,alexandre-court-2,5.7129556,45.1959958,,Grenoble,True,True,38185,LaMetro,FRM38P38185024,FRM38P38185024,irve,Array
"Grenoble-Alpes Métropole","45.17999,5.695541",123456789,support@alizecharge.fr,"Bouygues E&S",support@alizecharge.fr,805025376,"Grenoble-Alpes Métropole",FRM38P38485001,,"SEYSSINET-PARISET - Rue Lamartine",Voirie,"SEYSSINET-PARISET - Rue Lamartine",Array,1,"Accès libre",FALSE,"Mo-Su 00:00-23:59",FALSE,Direct,0,2019-05-30,,2023-03-17,2023-07-16T06:43:07.095000+00:00,5af5a68ac751df3d2396f09e,f47a3b1f-305b-4ab4-bf98-f4c790f69f26,alexandre-court-2,5.695541,45.17999,38170,Seyssinet-Pariset,True,True,38485,LaMetro,FRM38P38485001,FRM38P38485001,irve,Array
"Grenoble-Alpes Métropole","45.2017975,5.7407641",123456789,support@alizecharge.fr,"Bouygues E&S",support@alizecharge.fr,805025374,"Grenoble-Alpes Métropole",FRM38P38516003,,"LA TRONCHE - Hôpital Couple Enfant",Voirie," Quai Yermoloff 38700 LA TRONCHE",Array,1,"Accès libre",FALSE,"Mo-Su 00:00-23:59",FALSE,Direct,0,2023-02-09,,2023-03-17,2023-07-16T06:43:07.095000+00:00,5af5a68ac751df3d2396f09e,f47a3b1f-305b-4ab4-bf98-f4c790f69f26,alexandre-court-2,5.7407641,45.2017975,38700,"La Tronche",True,True,38516,LaMetro,FRM38P38516003,FRM38P38516003,irve,Array
"Grenoble-Alpes Métropole","45.053347,5.677614",123456789,support@alizecharge.fr,"Bouygues E&S",support@alizecharge.fr,805025370,"Grenoble-Alpes Métropole",FRM38P38545001,,"VIF - Parking du 8 mai 1945",Voirie," Avenue du 8 mai 1945 38450 VIF",Array,2,"Accès libre",FALSE,"Mo-Su 00:00-23:59",FALSE,Direct,0,2023-02-24,,2023-03-17,2023-07-16T06:43:07.095000+00:00,5af5a68ac751df3d2396f09e,f47a3b1f-305b-4ab4-bf98-f4c790f69f26,alexandre-court-2,5.677614,45.053347,38450,Vif,True,True,38545,LaMetro,FRM38P38545001,FRM38P38545001,irve,Array
"Grenoble-Alpes Métropole","45.1918,5.71311",123456789,support@alizecharge.fr,"Bouygues E&S",support@alizecharge.fr,805025492,"Grenoble-Alpes Métropole",FRM38P38185008,,"GRENOBLE - Avenue Doyen Louis Weil - Gare Schuman",Voirie,"GRENOBLE - Avenue Doyen Louis Weil - Gare Schuman",Array,1,"Accès libre",FALSE,"Mo-Su 00:00-23:59",FALSE,Direct,0,2019-08-02,,2023-03-17,2023-07-16T06:43:07.095000+00:00,5af5a68ac751df3d2396f09e,f47a3b1f-305b-4ab4-bf98-f4c790f69f26,alexandre-court-2,5.71311,45.1918,,Grenoble,True,True,38185,LaMetro,FRM38P38185008,FRM38P38185008,irve,Array
"Grenoble-Alpes Métropole","45.2022,5.704735",123456789,support@alizecharge.fr,"Bouygues E&S",support@alizecharge.fr,805024058,"Grenoble-Alpes Métropole",FRM38P38185004,,"GRENOBLE - Avenue Des Martyrs - CEA Cambridge",Voirie,"GRENOBLE - Avenue Des Martyrs - CEA Cambridge",Array,1,"Accès libre",FALSE,"Mo-Su 00:00-23:59",FALSE,Direct,0,2019-07-04,,2023-03-17,2023-07-16T06:43:07.095000+00:00,5af5a68ac751df3d2396f09e,f47a3b1f-305b-4ab4-bf98-f4c790f69f26,alexandre-court-2,5.704735,45.2022,,Grenoble,True,True,38185,LaMetro,FRM38P38185004,FRM38P38185004,irve,Array
"Grenoble-Alpes Métropole","45.1844,5.705",123456789,support@alizecharge.fr,"Bouygues E&S",support@alizecharge.fr,805023872,"Grenoble-Alpes Métropole",FRM38P38185005,,"GRENOBLE - Rue Victor Lastella - Chambre des Métiers (CITIZ)",Voirie," Chambre des Métiers (CITIZ) 38000 GRENOBLE",Array,3,"Accès libre",FALSE,"Mo-Su 00:00-23:59",FALSE,Direct,0,2021-05-06,,2023-03-17,2023-07-16T06:43:07.095000+00:00,5af5a68ac751df3d2396f09e,f47a3b1f-305b-4ab4-bf98-f4c790f69f26,alexandre-court-2,5.705,45.1844,,Grenoble,True,True,38185,LaMetro,FRM38P38185005,FRM38P38185005,irve,Array
"Grenoble-Alpes Métropole","45.123416,5.698552",123456789,support@alizecharge.fr,"Bouygues E&S",support@alizecharge.fr,805024591,"Grenoble-Alpes Métropole",FRM38P38317002,,"PONT-DE-CLAIX - Rue Stalingrad",Voirie," Rue Stalingrad 38800 PONT-DE-CLAIX",Array,4,"Accès libre",FALSE,"Mo-Su 00:00-23:59",FALSE,Direct,0,2021-07-02,,2023-03-17,2023-07-16T06:43:07.095000+00:00,5af5a68ac751df3d2396f09e,f47a3b1f-305b-4ab4-bf98-f4c790f69f26,alexandre-court-2,5.698552,45.123416,38800,"Le Pont-de-Claix",True,True,38317,LaMetro,FRM38P38317002,FRM38P38317002,irve,Array
"Grenoble-Alpes Métropole","45.191096,5.68888",123456789,support@alizecharge.fr,"Bouygues E&S",support@alizecharge.fr,805024611,"Grenoble-Alpes Métropole",FRM38P38169001,,"FONTAINE - La Source : Avenue Aristide Briand",Voirie," Avenue Aristide Briand 38600 FONTAINE",Array,2,"Accès libre",FALSE,"Mo-Su 00:00-23:59",FALSE,Direct,0,2022-12-06,,2023-03-17,2023-07-16T06:43:07.095000+00:00,5af5a68ac751df3d2396f09e,f47a3b1f-305b-4ab4-bf98-f4c790f69f26,alexandre-court-2,5.68888,45.191096,38600,Fontaine,True,True,38169,LaMetro,FRM38P38169001,FRM38P38169001,irve,Array
"Grenoble-Alpes Métropole","45.1836,5.721397",123456789,support@alizecharge.fr,"Bouygues E&S",support@alizecharge.fr,805024614,"Grenoble-Alpes Métropole",FRM38P38185003,,"GRENOBLE - Rue Marceau - Bonne",Voirie,"GRENOBLE - Rue Marceau - Bonne",Array,1,"Accès libre",FALSE,"Mo-Su 00:00-23:59",FALSE,Direct,0,2019-06-26,,2023-03-17,2023-07-16T06:43:07.095000+00:00,5af5a68ac751df3d2396f09e,f47a3b1f-305b-4ab4-bf98-f4c790f69f26,alexandre-court-2,5.721397,45.1836,,Grenoble,True,True,38185,LaMetro,FRM38P38185003,FRM38P38185003,irve,Array
"Grenoble-Alpes Métropole","45.213772,5.6610845",123456789,support@alizecharge.fr,"Bouygues E&S",support@alizecharge.fr,805024615,"Grenoble-Alpes Métropole",FRM38P38474001,,"SASSENAGE - Place Jean Prevost",Voirie," Place Jean Prevost 38360 SASSENAGE",Array,3,"Accès libre",FALSE,"Mo-Su 00:00-23:59",FALSE,Direct,0,2023-01-12,,2023-03-17,2023-07-16T06:43:07.095000+00:00,5af5a68ac751df3d2396f09e,f47a3b1f-305b-4ab4-bf98-f4c790f69f26,alexandre-court-2,5.6610845,45.213772,38360,Sassenage,True,True,38474,LaMetro,FRM38P38474001,FRM38P38474001,irve,Array
"Grenoble-Alpes Métropole","45.23229388,5.68385091",123456789,support@alizecharge.fr,"Bouygues E&S",support@alizecharge.fr,805024575,"Grenoble-Alpes Métropole",FRM38P38382001,,"SAINT-EGREVE - Espace Robert Fiat",Voirie,"9 Avenue de la Monta 38120 SAINT-EGREVE",Array,1,"Accès libre",FALSE,"Mo-Su 00:00-23:59",FALSE,Direct,0,2022-12-08,,2023-03-17,2023-07-16T06:43:07.095000+00:00,5af5a68ac751df3d2396f09e,f47a3b1f-305b-4ab4-bf98-f4c790f69f26,alexandre-court-2,5.68385091,45.23229388,38120,Saint-Égrève,True,True,38382,LaMetro,FRM38P38382001,FRM38P38382001,irve,Array
"Grenoble-Alpes Métropole","45.18462,5.784",123456789,support@alizecharge.fr,"Bouygues E&S",support@alizecharge.fr,805024576,"Grenoble-Alpes Métropole",FRM38P38179001,,"GIERES - Rue De La Gare (CITIZ)",Voirie," Rue De La Gare (CITIZ) 38610 GIERES",Array,1,"Accès libre",FALSE,"Mo-Su 00:00-23:59",FALSE,Direct,0,2019-08-06,,2023-03-17,2023-07-16T06:43:07.095000+00:00,5af5a68ac751df3d2396f09e,f47a3b1f-305b-4ab4-bf98-f4c790f69f26,alexandre-court-2,5.784,45.18462,38610,Gières,True,True,38179,LaMetro,FRM38P38179001,FRM38P38179001,irve,Array
"Grenoble-Alpes Métropole","45.1814,5.72151",123456789,support@alizecharge.fr,"Bouygues E&S",support@alizecharge.fr,805024578,"Grenoble-Alpes Métropole",FRM38P38185007,,"GRENOBLE - Rue Commandant Gilot - Dumont",Voirie,"GRENOBLE - Rue Commandant Gilot - Dumont",Array,1,"Accès libre",FALSE,"Mo-Su 00:00-23:59",FALSE,Direct,0,2019-08-04,,2023-03-17,2023-07-16T06:43:07.095000+00:00,5af5a68ac751df3d2396f09e,f47a3b1f-305b-4ab4-bf98-f4c790f69f26,alexandre-court-2,5.72151,45.1814,,Grenoble,True,True,38185,LaMetro,FRM38P38185007,FRM38P38185007,irve,Array
"Grenoble-Alpes Métropole","45.186,5.713633",123456789,support@alizecharge.fr,"Bouygues E&S",support@alizecharge.fr,805024273,"Grenoble-Alpes Métropole",FRM38P38185016,,"GRENOBLE - Place Saint-Bruno",Voirie,"GRENOBLE - Place Saint-Bruno",Array,1,"Accès libre",FALSE,"Mo-Su 00:00-23:59",FALSE,Direct,0,2019-08-08,,2023-03-17,2023-07-16T06:43:07.095000+00:00,5af5a68ac751df3d2396f09e,f47a3b1f-305b-4ab4-bf98-f4c790f69f26,alexandre-court-2,5.713633,45.186,,Grenoble,True,True,38185,LaMetro,FRM38P38185016,FRM38P38185016,irve,Array
"La Boite A Outils","45.16083229416006,5.714056171164",779463223,nicolas-savoyet@samse.fr,"TotalEnergies Marketing France",supervision-ev.france@totalenergies.com,03568009," SAMSE - GRENOBLE",FRTCBP01400,FRTCBP01400,"Siège Social - Pitet","Parking privé à usage public","2 Rue Raymond Pitet 38100 Grenoble",Array,12,"Accès libre",false,"Mo-Fr 07:45-12:15,Mo-Fr 13:30-17:30",false,Indirect,Inconnu,2023-02-24,,2023-06-02,2023-07-16T06:42:19.420000+00:00,614d936841a4ffe70f20286e,c60d0865-87d5-4fb9-bc41-0b8c31aace2d,totalenergies-marketing-france,5.714056171164,45.16083229416006,,Grenoble,True,True,38185,LaMetro,FRTCBP01400,FRTCBP01400,irve,Array
"La Boite A Outils","45.148367685972154,5.690473273011127",779463223,nicolas-savoyet@samse.fr,"TotalEnergies Marketing France",supervision-ev.france@totalenergies.com,0483568009,"SAMSE - ERP COMBOIRE",FRTCBP01199,FRTCBP01199,"Entrepôt du Bricolage - Comboire","Parking privé à usage public","2 rue du Drac 38130 Échirolles",Array,14,"Accès libre",false,"Mo-Sa 07:30-19:30",false,Indirect,Inconnu,2022-10-28,,2023-02-03,2023-07-16T06:42:19.420000+00:00,614d936841a4ffe70f20286e,c60d0865-87d5-4fb9-bc41-0b8c31aace2d,totalenergies-marketing-france,5.690473273011127,45.148367685972154,38130,Échirolles,False,True,38151,LaMetro,FRTCBP01199,FRTCBP01199,irve,Array
"TotalEnergies Charging Services","45.197767,5.78049",844192443,supervision-ev.france@totalenergies.com,"TotalEnergies Charging Services",supervision-ev.france@totalenergies.com,"01 41 35 40 00","TotalEnergies Charge Rapide",FRHPCPNF080259,FR*HPC*PNF080259,"RELAIS DE MEYLAN","Station dédiée à la recharge rapide","RN 87 38240 MEYLAN ",Array,4,"Accès réservé",False,24/7,False,Direct,50068097315965,2023-06-22,,2023-07-06,2023-07-16T06:42:18.663000+00:00,614d936841a4ffe70f20286e,8dd4e64f-6481-42c1-8d17-2feae7369a64,totalenergies-marketing-france,5.78049,45.197767,,,False,False,38229,LaMetro,FRHPCPNF080259,FRHPCPNF080259,irve,Array
"SARL LE BOIS DE CORNAGE","45.0873099,5.7693176",750986200,contact@car2plug.fr,CAR2PLUG,contact@car2plug.fr,0988991011,"SARL LE BOIS DE CORNAGE",FRC2P004801,FRC2P004801,"SARL LE BOIS DE CORNAGE","Parking privé à usage public","110 CHE DU CAMPING 38220 VIZILLE",Array,2,"Accès libre",false,24/7,false,Indirect,0000000000000,2023-01-30,"Paiement par smartphone, applications et CB",2023-01-30,2023-07-16T06:41:55.325000+00:00,6115428e312da5af8171de25,c4a9836b-6bf5-417c-a15f-6ecc3743f7a8,car2plug,5.7693176,45.0873099,38220,Vizille,True,True,38562,LaMetro,FRC2P004801,FRC2P004801,irve,Array
"ALESSANDRIA AUTOS - MAZDA GRENOBLE","45.191796,5.679598",400447710,advenir@zeborne.com,ZEBORNE,advenir@zeborne.com,0252072597,"ALESSANDRIA AUTOS - MAZDA GRENOBLE",FRZMAE22AC49521,49521,"Mazda - Grenoble (Fontaine) Gauche - 22kW ","Parking public","27 Boulevard Paul Langevin 38600 Fontaine	",Array,1,"Accès libre",true,"Mo-Fr 08:00-19:00,Sat 09:00-18:00",false,Indirect,inconnu,2020-12-02,,2020-12-02,2023-07-16T06:40:14.888000+00:00,62c6ba57f893208d377d1073,ffe4a3d5-0e14-4836-a50c-db4b427a7852,zeborne,5.679598,45.191796,38600,Fontaine,True,True,38169,LaMetro,FRZMAE22AC49521,FRZMAE22AC49521,irve,Array
"ALESSANDRIA AUTOS - MAZDA GRENOBLE","45.191796,5.679598",400447710,advenir@zeborne.com,ZEBORNE,advenir@zeborne.com,0252072597,"ALESSANDRIA AUTOS - MAZDA GRENOBLE",FRZMAE22AC49590,49590,"Mazda - Grenoble (Fontaine) Droite- 22kW","Parking public","27 Boulevard Paul Langevin 38600 Fontaine",Array,1,"Accès libre",true,"Mo-Fr 08:00-19:00,Sat 09:00-18:00",false,Indirect,inconnu,2020-12-03,,2020-12-03,2023-07-16T06:40:14.888000+00:00,62c6ba57f893208d377d1073,ffe4a3d5-0e14-4836-a50c-db4b427a7852,zeborne,5.679598,45.191796,38600,Fontaine,True,True,38169,LaMetro,FRZMAE22AC49590,FRZMAE22AC49590,irve,Array
