nom_amenageur,geo_point_2d,siren_amenageur,contact_amenageur,nom_operateur,contact_operateur,telephone_operateur,nom_enseigne,id_station_local,nom_station,implantation_station,adresse_station,colonne_renomme_13,nbre_pdc,condition_acces,reservation,horaires,station_deux_roues,raccordement,num_pdl,date_mise_en_service,observations,date_maj,last_modified,datagouv_organization_or_owner,consolidated_longitude,consolidated_latitude,consolidated_code_postal,consolidated_is_lon_lat_correct,consolidated_is_code_insee_verified,code_insee_commune,epci,id,code,type,pdc
WAAT sas,"45.382478,5.578569",,,WAAT SAS | FR*WAT,exploitation@waat.fr,,WAAT,368758.0,WAAT/FRWATLIVGBARL1,Parking privé à usage public,"14  Rue Louis Armand, Voiron  38500  France",Array,2,Accès libre,False,24/7,False,,,,,2022-05-28,2023-07-16T06:41:35.869000+00:00,gireve-2,5.578569,45.382478,,False,False,38563,PaysVoironnais,368758.0,368758.0,irve,Array
WAAT sas,"45.192056,5.677952",,,WAAT SAS | FR*WAT,exploitation@waat.fr,,WAAT,368761.0,WAAT/FRWATLJGBR372D,Parking privé à usage public,"61  Boulevard Paul Langevin, Fontaine  38600  France",Array,2,Accès libre,False,24/7,False,,,,,2022-05-28,2023-07-16T06:41:35.869000+00:00,gireve-2,5.677952,45.192056,,False,False,38169,LaMetro,368761.0,368761.0,irve,Array
WAAT sas,"45.216413,5.80693",,,WAAT SAS | FR*WAT,exploitation@waat.fr,,WAAT,520115.0,WAAT/FRWATLPOHCFZ2V,Parking privé à usage public,"10  Avenue Jean Kuntzmann, Montbonnot-Saint-Martin  38330  France",Array,6,Accès libre,False,24/7,False,,,,,2022-06-23,2023-07-16T06:41:35.869000+00:00,gireve-2,5.80693,45.216413,,False,False,38249,LeGresivaudan,520115.0,520115.0,irve,Array
WAAT sas,"45.147098,5.693295",,,WAAT SAS | FR*WA1,exploitation@waat.fr,,WAAT,706628.0,WAAT/FRWATLGJV62IQI,Parking privé à usage public,"12  Rue de Comboire, Échirolles  38130  France",Array,2,Accès libre,False,24/7,False,,,,,2023-02-03,2023-07-16T06:41:35.869000+00:00,gireve-2,5.693295,45.147098,,False,False,38151,LaMetro,706628.0,706628.0,irve,Array
WAAT sas,"45.192056,5.677952",,,WAAT SAS | FR*WA9,exploitation@waat.fr,,WAAT,708671.0,WAAT/FRWA5LBW5OXT72,Parking privé à usage public,"61  Boulevard Paul Langevin, Fontaine  38600  France",Array,2,Accès libre,False,24/7,False,,,,,2023-02-10,2023-07-16T06:41:35.869000+00:00,gireve-2,5.677952,45.192056,,False,False,38169,LaMetro,708671.0,708671.0,irve,Array
WAAT sas,"45.382478,5.578569",,,WAAT SAS | FR*WA9,exploitation@waat.fr,,WAAT,708680.0,WAAT/FRWA5LYO2JCJWD,Parking privé à usage public,"Rue Louis Leprince Ringuet, Voiron  38500  France",Array,2,Accès libre,False,24/7,False,,,,,2023-02-10,2023-07-16T06:41:35.869000+00:00,gireve-2,5.578569,45.382478,,False,False,38563,PaysVoironnais,708680.0,708680.0,irve,Array
SMEG Développement,"45.157305,5.725449",,,evZen | FR*EVZ,support@evzen.com,,Norauto - Bornes publiques,740955.0,Norauto - Bornes publiques/B5AD1533-2887-456C-B285-907A103E1E65,Parking privé à usage public,"23  Avenue Salvador Allende, Échirolles  38130  France",Array,3,Accès libre,False,24/7,False,,,,,2023-02-24,2023-07-16T06:41:35.869000+00:00,gireve-2,5.725449,45.157305,,False,False,38151,LaMetro,740955.0,740955.0,irve,Array
SMEG Développement,"45.238983,5.668929",,,evZen | FR*EVZ,support@evzen.com,,Norauto - Bornes publiques,746976.0,Norauto - Bornes publiques/5A5A9137-B2E4-4A78-B94A-A8D8DB30F534,Parking public,"Rue de la Trémouillière, Saint-Égrève  38120  France",Array,3,Accès libre,False,24/7,False,,,,,2023-03-31,2023-07-16T06:41:35.869000+00:00,gireve-2,5.668929,45.238983,,False,False,38382,LaMetro,746976.0,746976.0,irve,Array
WAAT sas,"45.19392,5.708992",,,WAAT SAS | FR*WAT,exploitation@waat.fr,,WAAT,747294.0,WAAT/FRWATLG4H1BNUH,Voirie,"49  Rue Félix Esclangon, Grenoble  38000  France",Array,1,Accès libre,False,24/7,False,,,,,2023-03-10,2023-07-16T06:41:35.869000+00:00,gireve-2,5.708992,45.19392,,False,False,38185,LaMetro,747294.0,747294.0,irve,Array
WAAT sas,"45.193048,5.70859",,,WAAT SAS | FR*WAT,exploitation@waat.fr,,WAAT,747312.0,WAAT/FRWATLW1UETWWT,Voirie,"49  Rue Félix Esclangon, Grenoble  38000  France",Array,1,Accès libre,False,24/7,False,,,,,2023-03-10,2023-07-16T06:41:35.869000+00:00,gireve-2,5.70859,45.193048,,False,False,38185,LaMetro,747312.0,747312.0,irve,Array
WAAT sas,"45.189336,5.699498",,,WAAT SAS | FR*W11,exploitation@waat.fr,,WAAT,789183.0,WAAT/FRWA3L9HKFTGHQ,Parking public,"8  Avenue Aristide Briand, Fontaine  38600  France",Array,4,Accès libre,False,24/7,False,,,,,2023-05-31,2023-07-16T06:41:35.869000+00:00,gireve-2,5.699498,45.189336,,False,False,38169,LaMetro,789183.0,789183.0,irve,Array
WAAT sas,"45.166618,5.716421",,,WAAT SAS | FR*WA5,exploitation@waat.fr,,WAAT,805281.0,WAAT/FRWATLJ8Y3Q8UO,Parking privé à usage public,"73D  Rue Général Mangin, Grenoble  38100  France",Array,2,Accès libre,False,24/7,False,,,,,2023-05-24,2023-07-16T06:41:35.869000+00:00,gireve-2,5.716421,45.166618,,False,False,38185,LaMetro,805281.0,805281.0,irve,Array
ELECTRA,"45.216314,5.682108",891624884.0,help@electra.com,ELECTRA,help@electra.com,,ELECTRA,,Saint-Égrève - BUT,Station dédiée à la recharge rapide,3 avenue de l'Île Brune 38120 Saint-Égrève,Array,4,Accès libre,true,24/7,false,Direct,,2023-04-21,Télécharger l'application ELECTRA pour réserver et payer sur go-electra.com,2023-07-17,2023-07-17T03:05:23.766000+00:00,electra,5.682108,45.216314,38120.0,True,True,38382,LaMetro,,,irve,Array
,"45.277,5.623",,info@ionity.eu,,info@ionity.eu,+(33)-(1)-87210891,Ile Rose,,Ile Rose,Station dédiée à la recharge rapide,"Aire de L’Ile Rose, A48, 38340 Voreppe",Array,4,Accès libre,false,24/7,false,,,2021-12-23,EF connector is available at the site separately,2023-07-16,2023-07-16T10:57:48.369000+00:00,eco-movement,5.623,45.277,,False,False,38565,PaysVoironnais,,,irve,Array
,"45.277,5.623",,info@ionity.eu,,info@ionity.eu,+(33)-(1)-87210891,Ile Rose,,Ile Rose,Station dédiée à la recharge rapide,"Aire de L’Ile Rose, A48, 38340 Voreppe",Array,1,Accès libre,false,24/7,false,,,2021-12-23,EF connector is available at the site separately,2023-07-16,2023-07-16T10:57:48.369000+00:00,eco-movement,5.623,45.277,,False,False,38565,PaysVoironnais,,,irve,Array
,"45.214781,5.685096",,info@chargepoint.com,,info@chargepoint.com,,SONEPAR LE VINOUX,,SONEPAR LE VINOUX,Voirie,"24 Rue Louis Gagnière, 38950 Saint-Martin-le-Vinoux",Array,2,Accès libre,false,24/7,false,,,2022-10-12,EF connector is available at the site separately,2023-07-15,2023-07-16T10:57:48.369000+00:00,eco-movement,5.685096,45.214781,,False,False,38423,LaMetro,,,irve,Array
Fastned France,"45.243957,5.86101",853300010.0,support@fastned.nl,,support@fastned.nl,+(33) 184710062,Aire de Saint-Nazaire les Eymes,,Aire de Saint-Nazaire les Eymes,Station dédiée à la recharge rapide,"Aire de Saint-Nazaire les Eymes A41, 38330 Saint-Nazaire les Eymes",Array,8,Accès libre,false,24/7,false,Direct,,2022-11-30,,2023-07-16,2023-07-16T10:57:48.369000+00:00,eco-movement,5.86101,45.243957,,False,False,38431,LeGresivaudan,,,irve,Array
,"45.284904,5.882983",,info@chargepoint.com,,info@chargepoint.com,,SONEPAR AED CROLLES,,SONEPAR AED CROLLES,Voirie,"1 Pl. de la Mairie, 38920 Crolles",Array,2,Accès réservé,false,24/7,false,,,2023-06-26,EF connector is available at the site separately,2023-07-15,2023-07-16T10:57:48.369000+00:00,eco-movement,5.882983,45.284904,,False,False,38140,LeGresivaudan,,,irve,Array
,"45.238924,5.81642",,info@chargepoint.com,,info@chargepoint.com,,SUPER U BIVIERS BORNE 1,,SUPER U BIVIERS BORNE 1,Parking privé à usage public,"60 Chem. des Evequaux, 38330 Biviers",Array,2,Accès réservé,false,24/7,false,,,2022-10-11,EF connector is available at the site separately,2023-07-16,2023-07-16T10:57:48.369000+00:00,eco-movement,5.81642,45.238924,,False,False,38045,LeGresivaudan,,,irve,Array
,"45.165133,5.767761",,info@chargepoint.com,,info@chargepoint.com,,SONEPAR AED ST-M.HERES,,SONEPAR AED ST-M.HERES,Voirie,"38 Pl. de la Liberté, 38400 Saint-Martin-d'Hères",Array,2,Accès réservé,false,"Mo 06:30-19:00,Tu 06:30-19:00,We 06:30-19:00,Th 06:30-19:00,Fr 06:30-19:00",false,,,2023-06-26,EF connector is available at the site separately,2023-07-15,2023-07-16T10:57:48.369000+00:00,eco-movement,5.767761,45.165133,,False,False,38421,LaMetro,,,irve,Array
MA BORNE AUTO,"45.1810981,5.7257621",880217922.0,e.barre@maborneauto.com,Non concerné,e.barre@maborneauto.com,361626161,DLM GRENOBLE,,DLM GRENOBLE,Parking privé à usage public,89 RUE MALIFAUD,Array,1,Accès libre,0,24/7,0,Indirect,19698552757281,2022-03-30,,2022-03-30,2023-07-16T06:44:05.542000+00:00,ma-borne-auto,5.7257621,45.1810981,,True,True,38185,LaMetro,,,irve,Array
AEV ATELIER ELECTRIQUE VOIRONNAIS,"45.16,5.76",404675878.0,contact@aevelec.fr,FRESHMILE,exploitation@freshmile.com,03 68 78 14 35,SATORIZ GRENOBLE ROCADE,,BORNE 1 SATORIZ GRENOBLE ROCADE,Parking privé à usage public,"9 RUE DU BEAL, 38400, ST MARTIN D'HERES, FRANCE",Array,1,Accès libre,false,24/7,false,Indirect,19302604816408,2021-05-27,,2021-06-22,2023-07-16T06:43:08.884000+00:00,lionel-gaillard,5.76,45.16,38400.0,False,True,38421,LaMetro,,,irve,Array
BOTANIC,"45.15944978,5.6941247",312910557.0,support@alizecharge.fr,Bouygues E&S,support@alizecharge.fr,805022784,CPO Alizé Liberté Public,,SEYSSINS - Rue du Dr Schweitzer,Voirie,16 Rue du Dr Schweitzer 38180 SEYSSINS,Array,5,Accès libre,FALSE,Mo-Su 00:00-23:59,FALSE,Direct,0,2023-02-08,,2023-03-17,2023-07-16T06:43:07.095000+00:00,alexandre-court-2,5.6941247,45.15944978,38180.0,True,True,38486,LaMetro,,,irve,Array
Grenoble-Alpes Métropole,"45.1470172,5.7547996",123456789.0,support@alizecharge.fr,Bouygues E&S,support@alizecharge.fr,805022428,Grenoble-Alpes Métropole,,EYBENS - Parking Relais Eybens Le Verderet,Voirie,Avenue des Maquis de l'Oisans 38320 EYBENS,Array,2,Accès libre,FALSE,Mo-Su 00:00-23:59,FALSE,Direct,0,2023-03-10,,2023-03-17,2023-07-16T06:43:07.095000+00:00,alexandre-court-2,5.7547996,45.1470172,38320.0,True,True,38158,LaMetro,,,irve,Array
Grenoble-Alpes Métropole,"45.18895,5.723815",123456789.0,support@alizecharge.fr,Bouygues E&S,support@alizecharge.fr,805022341,Grenoble-Alpes Métropole,,GRENOBLE - Place Victor Hugo - Victor Hugo,Voirie,GRENOBLE - Place Victor Hugo - Victor Hugo,Array,1,Accès libre,FALSE,Mo-Su 00:00-23:59,FALSE,Direct,0,2019-08-08,,2023-03-17,2023-07-16T06:43:07.095000+00:00,alexandre-court-2,5.723815,45.18895,,True,True,38185,LaMetro,,,irve,Array
Grenoble-Alpes Métropole,"45.1881051,5.7836658",123456789.0,support@alizecharge.fr,Bouygues E&S,support@alizecharge.fr,805023573,Grenoble-Alpes Métropole,,GIERES - Parking Relais Gières Plaine des Sports,Voirie,Rue des Glairons 38610 GIERES,Array,6,Accès libre,FALSE,Mo-Su 00:00-23:59,FALSE,Direct,0,2023-03-10,,2023-03-17,2023-07-16T06:43:07.095000+00:00,alexandre-court-2,5.7836658,45.1881051,38610.0,True,True,38179,LaMetro,,,irve,Array
BOTANIC,"45.2232053,5.8203531",312910557.0,support@alizecharge.fr,Bouygues E&S,support@alizecharge.fr,805023790,CPO Alizé Liberté Public,,MONTBONNOT ST MARTIN - Route de la Doux,Voirie,1063 Route de la Doux 38330 MONTBONNOT ST MARTIN,Array,5,Accès libre,FALSE,Mo-Su 00:00-23:59,FALSE,Direct,0,2023-01-12,,2023-03-17,2023-07-16T06:43:07.095000+00:00,alexandre-court-2,5.8203531,45.2232053,38330.0,True,True,38249,LeGresivaudan,,,irve,Array
Grenoble-Alpes Métropole,"45.18938,5.72949",123456789.0,support@alizecharge.fr,Bouygues E&S,support@alizecharge.fr,805023675,Grenoble-Alpes Métropole,,GRENOBLE - Place Jean Achard (CITIZ),Voirie,Place Jean Achard (CITIZ) 38000 GRENOBLE,Array,3,Accès libre,FALSE,Mo-Su 00:00-23:59,FALSE,Direct,0,2021-11-09,,2023-03-17,2023-07-16T06:43:07.095000+00:00,alexandre-court-2,5.72949,45.18938,,True,True,38185,LaMetro,,,irve,Array
Grenoble-Alpes Métropole,"45.17965,5.69592",123456789.0,support@alizecharge.fr,Bouygues E&S,support@alizecharge.fr,805022984,Grenoble-Alpes Métropole,,SEYSSINET-PARISET - Parking Lamartine,Voirie,Rue Lamartine  38170 SEYSSINET-PARISET,Array,2,Accès libre,FALSE,Mo-Su 00:00-23:59,FALSE,Direct,0,2023-01-25,,2023-03-17,2023-07-16T06:43:07.095000+00:00,alexandre-court-2,5.69592,45.17965,38170.0,True,True,38485,LaMetro,,,irve,Array
Grenoble-Alpes Métropole,"45.2210071,5.6597259",123456789.0,support@alizecharge.fr,Bouygues E&S,support@alizecharge.fr,805022988,Grenoble-Alpes Métropole,,SASSENAGE - Parking Relais Engenieres,Voirie,1 Rue des Engenières 38360 SASSENAGE,Array,2,Accès libre,FALSE,Mo-Su 00:00-23:59,FALSE,Direct,0,2023-02-13,,2023-03-17,2023-07-16T06:43:07.095000+00:00,alexandre-court-2,5.6597259,45.2210071,38360.0,True,True,38474,LaMetro,,,irve,Array
Grenoble-Alpes Métropole,"45.20246463,5.83856923",123456789.0,support@alizecharge.fr,Bouygues E&S,support@alizecharge.fr,805022996,Grenoble-Alpes Métropole,,DOMENE - Rue du Colonel Fouque,Voirie,Rue du Colonel Fouque 38420 DOMENE,Array,1,Accès libre,FALSE,Mo-Su 00:00-23:59,FALSE,Direct,0,2023-01-19,,2023-03-17,2023-07-16T06:43:07.095000+00:00,alexandre-court-2,5.83856923,45.20246463,38420.0,True,True,38150,LaMetro,,,irve,Array
Grenoble-Alpes Métropole,"45.171972,5.757846",123456789.0,support@alizecharge.fr,Bouygues E&S,support@alizecharge.fr,805023299,Grenoble-Alpes Métropole,,SAINT-MARTIN-D'HERES - Etienne Grappe,Voirie,Rue Henri Wallon 38400 SAINT-MARTIN-D'HERES,Array,2,Accès libre,FALSE,Mo-Su 00:00-23:59,FALSE,Direct,0,2023-02-24,,2023-03-17,2023-07-16T06:43:07.095000+00:00,alexandre-court-2,5.757846,45.171972,38400.0,True,True,38421,LaMetro,,,irve,Array
Grenoble-Alpes Métropole,"45.19574,5.710719",123456789.0,support@alizecharge.fr,Bouygues E&S,support@alizecharge.fr,805023237,Grenoble-Alpes Métropole,,GRENOBLE - Rue Félix Esclangon - Cité Internationale,Voirie,GRENOBLE - Rue Félix Esclangon - Cité Internationale,Array,1,Accès libre,FALSE,Mo-Su 00:00-23:59,FALSE,Direct,0,2019-08-15,,2023-03-17,2023-07-16T06:43:07.095000+00:00,alexandre-court-2,5.710719,45.19574,,True,True,38185,LaMetro,,,irve,Array
Grenoble-Alpes Métropole,"45.18818,5.727",123456789.0,support@alizecharge.fr,Bouygues E&S,support@alizecharge.fr,805023242,Grenoble-Alpes Métropole,,GRENOBLE - Place Dr Léon Martin - Vaucanson (CITIZ),Voirie,Place Dr Léon Martin - Vaucanson (CITIZ) 38000 GRENOBLE,Array,4,Accès libre,FALSE,Mo-Su 00:00-23:59,FALSE,Direct,0,2021-08-26,,2023-03-17,2023-07-16T06:43:07.095000+00:00,alexandre-court-2,5.727,45.18818,,True,True,38185,LaMetro,,,irve,Array
Grenoble-Alpes Métropole,"45.18551,5.729505",123456789.0,support@alizecharge.fr,Bouygues E&S,support@alizecharge.fr,805021571,Grenoble-Alpes Métropole,,GRENOBLE - Place André Malraux - CCI,Voirie,GRENOBLE - Place André Malraux - CCI,Array,3,Accès libre,FALSE,Mo-Su 00:00-23:59,FALSE,Direct,0,2021-05-06,,2023-03-17,2023-07-16T06:43:07.095000+00:00,alexandre-court-2,5.729505,45.18551,,True,True,38185,LaMetro,,,irve,Array
Grenoble-Alpes Métropole,"45.19302,5.725525",123456789.0,support@alizecharge.fr,Bouygues E&S,support@alizecharge.fr,805021908,Grenoble-Alpes Métropole,,GRENOBLE - Quai Stéphane Jay,Voirie,GRENOBLE - Quai Stéphane Jay,Array,1,Accès libre,FALSE,Mo-Su 00:00-23:59,FALSE,Direct,0,2019-06-21,,2023-03-17,2023-07-16T06:43:07.095000+00:00,alexandre-court-2,5.725525,45.19302,,True,True,38185,LaMetro,,,irve,Array
Grenoble-Alpes Métropole,"45.2541131,5.6607537",123456789.0,support@alizecharge.fr,Bouygues E&S,support@alizecharge.fr,805025898,Grenoble-Alpes Métropole,,PALLUEL - Parking Le Fontanil Cornillon,Voirie,Rue des Mûriers 38120 PALLUEL,Array,8,Accès libre,FALSE,Mo-Su 00:00-23:59,FALSE,Direct,0,2022-11-30,,2023-03-17,2023-07-16T06:43:07.095000+00:00,alexandre-court-2,5.6607537,45.2541131,38120.0,True,True,38170,LaMetro,,,irve,Array
Grenoble-Alpes Métropole,"45.19407,5.731627",123456789.0,support@alizecharge.fr,Bouygues E&S,support@alizecharge.fr,805025895,Grenoble-Alpes Métropole,,GRENOBLE - Place De Lavalette - ND - Musée,Voirie,GRENOBLE - Place De Lavalette - ND - Musée,Array,1,Accès libre,FALSE,Mo-Su 00:00-23:59,FALSE,Direct,0,2019-08-01,,2023-03-17,2023-07-16T06:43:07.095000+00:00,alexandre-court-2,5.731627,45.19407,,True,True,38185,LaMetro,,,irve,Array
Grenoble-Alpes Métropole,"45.17461,5.724746",123456789.0,support@alizecharge.fr,Bouygues E&S,support@alizecharge.fr,805025894,Grenoble-Alpes Métropole,,GRENOBLE - Rue Jacquard - Balzac,Voirie,GRENOBLE - Rue Jacquard - Balzac,Array,1,Accès libre,FALSE,Mo-Su 00:00-23:59,FALSE,Direct,0,2019-08-01,,2023-03-17,2023-07-16T06:43:07.095000+00:00,alexandre-court-2,5.724746,45.17461,,True,True,38185,LaMetro,,,irve,Array
Grenoble-Alpes Métropole,"45.20505,5.699334",123456789.0,support@alizecharge.fr,Bouygues E&S,support@alizecharge.fr,805025891,Grenoble-Alpes Métropole,,GRENOBLE - Rue Jules Horowitz - Horowitz,Voirie,GRENOBLE - Rue Jules Horowitz - Horowitz,Array,1,Accès libre,FALSE,Mo-Su 00:00-23:59,FALSE,Direct,0,2019-07-02,,2023-03-17,2023-07-16T06:43:07.095000+00:00,alexandre-court-2,5.699334,45.20505,,True,True,38185,LaMetro,,,irve,Array
Grenoble-Alpes Métropole,"45.1916,5.769781",123456789.0,support@alizecharge.fr,Bouygues E&S,support@alizecharge.fr,805025914,Grenoble-Alpes Métropole,,SAINT-MARTIN-D'HERES - Avenue Centrale - BU,Voirie,SAINT-MARTIN-D'HERES - Avenue Centrale - BU,Array,1,Accès libre,FALSE,Mo-Su 00:00-23:59,FALSE,Direct,0,2019-09-05,,2023-03-17,2023-07-16T06:43:07.095000+00:00,alexandre-court-2,5.769781,45.1916,38400.0,True,True,38421,LaMetro,,,irve,Array
Grenoble-Alpes Métropole,"45.165259,5.691263",123456789.0,support@alizecharge.fr,Bouygues E&S,support@alizecharge.fr,805025913,Grenoble-Alpes Métropole,,SEYSSINS - Parking Le Prisme,Voirie,Allée Roger Rahon 38180 SEYSSINS,Array,6,Accès libre,FALSE,Mo-Su 00:00-23:59,FALSE,Direct,0,2022-11-25,,2023-03-17,2023-07-16T06:43:07.095000+00:00,alexandre-court-2,5.691263,45.165259,38180.0,True,True,38486,LaMetro,,,irve,Array
Grenoble-Alpes Métropole,"45.21114,5.786497",123456789.0,support@alizecharge.fr,Bouygues E&S,support@alizecharge.fr,805025908,Grenoble-Alpes Métropole,,MEYLAN - Allée Des Amphores,Voirie,MEYLAN - Allée Des Amphores,Array,3,Accès libre,FALSE,Mo-Su 00:00-23:59,FALSE,Direct,0,2022-08-11,,2023-03-17,2023-07-16T06:43:07.095000+00:00,alexandre-court-2,5.786497,45.21114,,False,False,38185,LaMetro,,,irve,Array
Grenoble-Alpes Métropole,"45.16981,5.712591",123456789.0,support@alizecharge.fr,Bouygues E&S,support@alizecharge.fr,805024808,Grenoble-Alpes Métropole,,GRENOBLE - Cours De La Libération Et Du Général De Gaulle - Louise Michel,Voirie,GRENOBLE - Cours De La Libération Et Du Général De Gaulle - Louise Michel,Array,1,Accès libre,FALSE,Mo-Su 00:00-23:59,FALSE,Direct,0,2019-08-12,,2023-03-17,2023-07-16T06:43:07.095000+00:00,alexandre-court-2,5.712591,45.16981,,True,True,38185,LaMetro,,,irve,Array
Grenoble-Alpes Métropole,"45.24273237,5.6692959",123456789.0,support@alizecharge.fr,Bouygues E&S,support@alizecharge.fr,805026353,Grenoble-Alpes Métropole,,SAINT-EGREVE - Parking  Karben,Voirie,15 Route de Lyon 38120 SAINT-EGREVE,Array,4,Accès libre,FALSE,Mo-Su 00:00-23:59,FALSE,Direct,0,2022-11-29,,2023-03-17,2023-07-16T06:43:07.095000+00:00,alexandre-court-2,5.6692959,45.24273237,38120.0,True,True,38382,LaMetro,,,irve,Array
Grenoble-Alpes Métropole,"45.18462,5.784519",123456789.0,support@alizecharge.fr,Bouygues E&S,support@alizecharge.fr,805026347,Grenoble-Alpes Métropole,,GIERES - Rue De La Gare,Voirie,GIERES - Rue De La Gare,Array,1,Accès libre,FALSE,Mo-Su 00:00-23:59,FALSE,Direct,0,2019-10-11,,2023-03-17,2023-07-16T06:43:07.095000+00:00,alexandre-court-2,5.784519,45.18462,,False,False,38185,LaMetro,,,irve,Array
Grenoble-Alpes Métropole,"45.18509,5.719674",123456789.0,support@alizecharge.fr,Bouygues E&S,support@alizecharge.fr,805024990,Grenoble-Alpes Métropole,,GRENOBLE - Rue Thiers,Voirie,GRENOBLE - Rue Thiers,Array,1,Accès libre,FALSE,Mo-Su 00:00-23:59,FALSE,Direct,0,2019-06-26,,2023-03-17,2023-07-16T06:43:07.095000+00:00,alexandre-court-2,5.719674,45.18509,,True,True,38185,LaMetro,,,irve,Array
Grenoble-Alpes Métropole,"45.139902,5.721625",123456789.0,support@alizecharge.fr,Bouygues E&S,support@alizecharge.fr,805025401,Grenoble-Alpes Métropole,,ECHIROLLES - Avenue de la République,Voirie,Avenue de la République 38130 ECHIROLLES,Array,2,Accès libre,FALSE,Mo-Su 00:00-23:59,FALSE,Direct,0,2022-08-05,,2023-03-17,2023-07-16T06:43:07.095000+00:00,alexandre-court-2,5.721625,45.139902,38130.0,True,True,38151,LaMetro,,,irve,Array
Grenoble-Alpes Métropole,"45.19941,5.7508",123456789.0,support@alizecharge.fr,Bouygues E&S,support@alizecharge.fr,805025398,Grenoble-Alpes Métropole,,LA TRONCHE - Avenue De L'Obiou (CITIZ),Voirie,Avenue De L'Obiou (CITIZ) 38700 LA TRONCHE,Array,3,Accès libre,FALSE,Mo-Su 00:00-23:59,FALSE,Direct,0,2021-05-13,,2023-03-17,2023-07-16T06:43:07.095000+00:00,alexandre-court-2,5.7508,45.19941,38700.0,True,True,38516,LaMetro,,,irve,Array
Grenoble-Alpes Métropole,"45.2941808,5.7657409",123456789.0,support@alizecharge.fr,Bouygues E&S,support@alizecharge.fr,805025396,Grenoble-Alpes Métropole,,SARCENAS - Parking Route du Charmant Som,Voirie,445 Route du Charmant Som 38700 SARCENAS,Array,2,Accès libre,FALSE,Mo-Su 00:00-23:59,FALSE,Direct,0,2023-01-19,,2023-03-17,2023-07-16T06:43:07.095000+00:00,alexandre-court-2,5.7657409,45.2941808,38700.0,True,True,38472,LaMetro,,,irve,Array
Grenoble-Alpes Métropole,"45.1031403,5.6865667",123456789.0,support@alizecharge.fr,Bouygues E&S,support@alizecharge.fr,805025394,Grenoble-Alpes Métropole,,VARCES-ALLIERES-ET-RISSET - Le parking-relais du Grand Rochefort,Voirie,D1075 Le grand Rochefort 38760 VARCES-ALLIERES-ET-RISSET,Array,4,Accès libre,FALSE,Mo-Su 00:00-23:59,FALSE,Direct,0,2023-03-13,,2023-03-17,2023-07-16T06:43:07.095000+00:00,alexandre-court-2,5.6865667,45.1031403,38760.0,True,True,38524,LaMetro,,,irve,Array
Grenoble-Alpes Métropole,"45.13755,5.703982",123456789.0,support@alizecharge.fr,Bouygues E&S,support@alizecharge.fr,805025389,Grenoble-Alpes Métropole,,PONT-DE-CLAIX - Parking-Relais L'Etoile,Voirie,PONT-DE-CLAIX - Parking-Relais L'Etoile,Array,4,Accès libre,FALSE,Mo-Su 00:00-23:59,FALSE,Direct,0,2021-06-03,,2023-03-17,2023-07-16T06:43:07.095000+00:00,alexandre-court-2,5.703982,45.13755,38800.0,True,True,38317,LaMetro,,,irve,Array
Grenoble-Alpes Métropole,"45.1532227,5.7191342",123456789.0,support@alizecharge.fr,Bouygues E&S,support@alizecharge.fr,805025433,Grenoble-Alpes Métropole,,ECHIROLLES - Parking Relais Échirolles - Gare,Voirie,Rue de Provence 38130 ECHIROLLES,Array,6,Accès libre,FALSE,Mo-Su 00:00-23:59,FALSE,Direct,0,2023-03-03,,2023-03-17,2023-07-16T06:43:07.095000+00:00,alexandre-court-2,5.7191342,45.1532227,38130.0,True,True,38151,LaMetro,,,irve,Array
Grenoble-Alpes Métropole,"45.1566238,5.7356288",123456789.0,support@alizecharge.fr,Bouygues E&S,support@alizecharge.fr,805025440,Grenoble-Alpes Métropole,,GRENOBLE - Alpexpo - Rue Henri Barbusse,Voirie,Rue Henri Barbusse 38100 GRENOBLE,Array,2,Accès libre,FALSE,Mo-Su 00:00-23:59,FALSE,Direct,0,2023-03-02,,2023-03-17,2023-07-16T06:43:07.095000+00:00,alexandre-court-2,5.7356288,45.1566238,,True,True,38185,LaMetro,,,irve,Array
Grenoble-Alpes Métropole,"45.11932681,5.67071661",123456789.0,support@alizecharge.fr,Bouygues E&S,support@alizecharge.fr,805025437,Grenoble-Alpes Métropole,,CLAIX - Place du Champ de Foire,Voirie,Place du Champ de Foire 38640 CLAIX,Array,1,Accès libre,FALSE,Mo-Su 00:00-23:59,FALSE,Direct,0,2023-01-19,,2023-03-17,2023-07-16T06:43:07.095000+00:00,alexandre-court-2,5.67071661,45.11932681,38640.0,True,True,38111,LaMetro,,,irve,Array
Grenoble-Alpes Métropole,"45.19191,5.757221",123456789.0,support@alizecharge.fr,Bouygues E&S,support@alizecharge.fr,805025436,Grenoble-Alpes Métropole,,SAINT-MARTIN-D'HERES - Rue De La Houille Blanche - Les taillées,Voirie,SAINT-MARTIN-D'HERES - Rue De La Houille Blanche - Les taillées,Array,1,Accès libre,FALSE,Mo-Su 00:00-23:59,FALSE,Direct,0,2019-10-11,,2023-03-17,2023-07-16T06:43:07.095000+00:00,alexandre-court-2,5.757221,45.19191,38400.0,True,True,38421,LaMetro,,,irve,Array
Grenoble-Alpes Métropole,"45.20678538,5.66369443",123456789.0,support@alizecharge.fr,Bouygues E&S,support@alizecharge.fr,805025353,Grenoble-Alpes Métropole,,SASSENAGE - Mairie de Sassenage,Voirie,1 Place de la Libération 38360 SASSENAGE,Array,2,Accès libre,FALSE,Mo-Su 00:00-23:59,FALSE,Direct,0,2022-11-29,,2023-03-17,2023-07-16T06:43:07.095000+00:00,alexandre-court-2,5.66369443,45.20678538,38360.0,True,True,38474,LaMetro,,,irve,Array
Grenoble-Alpes Métropole,"45.1669329,5.7056218",123456789.0,support@alizecharge.fr,Bouygues E&S,support@alizecharge.fr,805025355,Grenoble-Alpes Métropole,,GRENOBLE - Rue Albert Reynier (Lesdiguières),Voirie,12 Rue Albert Reynier 38100 GRENOBLE,Array,2,Accès libre,FALSE,Mo-Su 00:00-23:59,FALSE,Direct,0,2023-02-13,,2023-03-17,2023-07-16T06:43:07.095000+00:00,alexandre-court-2,5.7056218,45.1669329,,True,True,38185,LaMetro,,,irve,Array
Grenoble-Alpes Métropole,"45.07475,5.772369",123456789.0,support@alizecharge.fr,Bouygues E&S,support@alizecharge.fr,805025357,Grenoble-Alpes Métropole,,VIZILLE - Domaine Vizille,Voirie,Rue Emelie Cros 38100 VIZILLE,Array,1,Accès libre,FALSE,Mo-Su 00:00-23:59,FALSE,Direct,0,2023-03-02,,2023-03-17,2023-07-16T06:43:07.095000+00:00,alexandre-court-2,5.772369,45.07475,38100.0,False,True,38185,LaMetro,,,irve,Array
Grenoble-Alpes Métropole,"45.1959958,5.7129556",123456789.0,support@alizecharge.fr,Bouygues E&S,support@alizecharge.fr,805025378,Grenoble-Alpes Métropole,,GRENOBLE - Rue Arago,Voirie,Rue Arago 38000 GRENOBLE,Array,1,Accès libre,FALSE,Mo-Su 00:00-23:59,FALSE,Direct,0,2022-09-29,,2023-03-17,2023-07-16T06:43:07.095000+00:00,alexandre-court-2,5.7129556,45.1959958,,True,True,38185,LaMetro,,,irve,Array
Grenoble-Alpes Métropole,"45.17999,5.695541",123456789.0,support@alizecharge.fr,Bouygues E&S,support@alizecharge.fr,805025376,Grenoble-Alpes Métropole,,SEYSSINET-PARISET - Rue Lamartine,Voirie,SEYSSINET-PARISET - Rue Lamartine,Array,1,Accès libre,FALSE,Mo-Su 00:00-23:59,FALSE,Direct,0,2019-05-30,,2023-03-17,2023-07-16T06:43:07.095000+00:00,alexandre-court-2,5.695541,45.17999,38170.0,True,True,38485,LaMetro,,,irve,Array
Grenoble-Alpes Métropole,"45.2017975,5.7407641",123456789.0,support@alizecharge.fr,Bouygues E&S,support@alizecharge.fr,805025374,Grenoble-Alpes Métropole,,LA TRONCHE - Hôpital Couple Enfant,Voirie,Quai Yermoloff 38700 LA TRONCHE,Array,1,Accès libre,FALSE,Mo-Su 00:00-23:59,FALSE,Direct,0,2023-02-09,,2023-03-17,2023-07-16T06:43:07.095000+00:00,alexandre-court-2,5.7407641,45.2017975,38700.0,True,True,38516,LaMetro,,,irve,Array
Grenoble-Alpes Métropole,"45.053347,5.677614",123456789.0,support@alizecharge.fr,Bouygues E&S,support@alizecharge.fr,805025370,Grenoble-Alpes Métropole,,VIF - Parking du 8 mai 1945,Voirie,Avenue du 8 mai 1945 38450 VIF,Array,2,Accès libre,FALSE,Mo-Su 00:00-23:59,FALSE,Direct,0,2023-02-24,,2023-03-17,2023-07-16T06:43:07.095000+00:00,alexandre-court-2,5.677614,45.053347,38450.0,True,True,38545,LaMetro,,,irve,Array
Grenoble-Alpes Métropole,"45.1918,5.71311",123456789.0,support@alizecharge.fr,Bouygues E&S,support@alizecharge.fr,805025492,Grenoble-Alpes Métropole,,GRENOBLE - Avenue Doyen Louis Weil - Gare Schuman,Voirie,GRENOBLE - Avenue Doyen Louis Weil - Gare Schuman,Array,1,Accès libre,FALSE,Mo-Su 00:00-23:59,FALSE,Direct,0,2019-08-02,,2023-03-17,2023-07-16T06:43:07.095000+00:00,alexandre-court-2,5.71311,45.1918,,True,True,38185,LaMetro,,,irve,Array
Grenoble-Alpes Métropole,"45.2022,5.704735",123456789.0,support@alizecharge.fr,Bouygues E&S,support@alizecharge.fr,805024058,Grenoble-Alpes Métropole,,GRENOBLE - Avenue Des Martyrs - CEA Cambridge,Voirie,GRENOBLE - Avenue Des Martyrs - CEA Cambridge,Array,1,Accès libre,FALSE,Mo-Su 00:00-23:59,FALSE,Direct,0,2019-07-04,,2023-03-17,2023-07-16T06:43:07.095000+00:00,alexandre-court-2,5.704735,45.2022,,True,True,38185,LaMetro,,,irve,Array
Grenoble-Alpes Métropole,"45.1844,5.705",123456789.0,support@alizecharge.fr,Bouygues E&S,support@alizecharge.fr,805023872,Grenoble-Alpes Métropole,,GRENOBLE - Rue Victor Lastella - Chambre des Métiers (CITIZ),Voirie,Chambre des Métiers (CITIZ) 38000 GRENOBLE,Array,3,Accès libre,FALSE,Mo-Su 00:00-23:59,FALSE,Direct,0,2021-05-06,,2023-03-17,2023-07-16T06:43:07.095000+00:00,alexandre-court-2,5.705,45.1844,,True,True,38185,LaMetro,,,irve,Array
Grenoble-Alpes Métropole,"45.123416,5.698552",123456789.0,support@alizecharge.fr,Bouygues E&S,support@alizecharge.fr,805024591,Grenoble-Alpes Métropole,,PONT-DE-CLAIX - Rue Stalingrad,Voirie,Rue Stalingrad 38800 PONT-DE-CLAIX,Array,4,Accès libre,FALSE,Mo-Su 00:00-23:59,FALSE,Direct,0,2021-07-02,,2023-03-17,2023-07-16T06:43:07.095000+00:00,alexandre-court-2,5.698552,45.123416,38800.0,True,True,38317,LaMetro,,,irve,Array
Grenoble-Alpes Métropole,"45.191096,5.68888",123456789.0,support@alizecharge.fr,Bouygues E&S,support@alizecharge.fr,805024611,Grenoble-Alpes Métropole,,FONTAINE - La Source : Avenue Aristide Briand,Voirie,Avenue Aristide Briand 38600 FONTAINE,Array,2,Accès libre,FALSE,Mo-Su 00:00-23:59,FALSE,Direct,0,2022-12-06,,2023-03-17,2023-07-16T06:43:07.095000+00:00,alexandre-court-2,5.68888,45.191096,38600.0,True,True,38169,LaMetro,,,irve,Array
Grenoble-Alpes Métropole,"45.1836,5.721397",123456789.0,support@alizecharge.fr,Bouygues E&S,support@alizecharge.fr,805024614,Grenoble-Alpes Métropole,,GRENOBLE - Rue Marceau - Bonne,Voirie,GRENOBLE - Rue Marceau - Bonne,Array,1,Accès libre,FALSE,Mo-Su 00:00-23:59,FALSE,Direct,0,2019-06-26,,2023-03-17,2023-07-16T06:43:07.095000+00:00,alexandre-court-2,5.721397,45.1836,,True,True,38185,LaMetro,,,irve,Array
Grenoble-Alpes Métropole,"45.213772,5.6610845",123456789.0,support@alizecharge.fr,Bouygues E&S,support@alizecharge.fr,805024615,Grenoble-Alpes Métropole,,SASSENAGE - Place Jean Prevost,Voirie,Place Jean Prevost 38360 SASSENAGE,Array,3,Accès libre,FALSE,Mo-Su 00:00-23:59,FALSE,Direct,0,2023-01-12,,2023-03-17,2023-07-16T06:43:07.095000+00:00,alexandre-court-2,5.6610845,45.213772,38360.0,True,True,38474,LaMetro,,,irve,Array
Grenoble-Alpes Métropole,"45.23229388,5.68385091",123456789.0,support@alizecharge.fr,Bouygues E&S,support@alizecharge.fr,805024575,Grenoble-Alpes Métropole,,SAINT-EGREVE - Espace Robert Fiat,Voirie,9 Avenue de la Monta 38120 SAINT-EGREVE,Array,1,Accès libre,FALSE,Mo-Su 00:00-23:59,FALSE,Direct,0,2022-12-08,,2023-03-17,2023-07-16T06:43:07.095000+00:00,alexandre-court-2,5.68385091,45.23229388,38120.0,True,True,38382,LaMetro,,,irve,Array
Grenoble-Alpes Métropole,"45.18462,5.784",123456789.0,support@alizecharge.fr,Bouygues E&S,support@alizecharge.fr,805024576,Grenoble-Alpes Métropole,,GIERES - Rue De La Gare (CITIZ),Voirie,Rue De La Gare (CITIZ) 38610 GIERES,Array,1,Accès libre,FALSE,Mo-Su 00:00-23:59,FALSE,Direct,0,2019-08-06,,2023-03-17,2023-07-16T06:43:07.095000+00:00,alexandre-court-2,5.784,45.18462,38610.0,True,True,38179,LaMetro,,,irve,Array
Grenoble-Alpes Métropole,"45.1814,5.72151",123456789.0,support@alizecharge.fr,Bouygues E&S,support@alizecharge.fr,805024578,Grenoble-Alpes Métropole,,GRENOBLE - Rue Commandant Gilot - Dumont,Voirie,GRENOBLE - Rue Commandant Gilot - Dumont,Array,1,Accès libre,FALSE,Mo-Su 00:00-23:59,FALSE,Direct,0,2019-08-04,,2023-03-17,2023-07-16T06:43:07.095000+00:00,alexandre-court-2,5.72151,45.1814,,True,True,38185,LaMetro,,,irve,Array
Grenoble-Alpes Métropole,"45.186,5.713633",123456789.0,support@alizecharge.fr,Bouygues E&S,support@alizecharge.fr,805024273,Grenoble-Alpes Métropole,,GRENOBLE - Place Saint-Bruno,Voirie,GRENOBLE - Place Saint-Bruno,Array,1,Accès libre,FALSE,Mo-Su 00:00-23:59,FALSE,Direct,0,2019-08-08,,2023-03-17,2023-07-16T06:43:07.095000+00:00,alexandre-court-2,5.713633,45.186,,True,True,38185,LaMetro,,,irve,Array
IONITY,"43.985279,3.183078",838436145.0,info@ionity.eu,IONITY,info@ionity.eu,33187210891,IONITY GMBH,,IONITY Ile Rose,Station dédiée à la recharge rapide,"Aire de l'Ile Rose, A48, 38340 Voreppe",Array,1,Accès libre,FALSE,24/7,FALSE,Direct,50022232569885,2021-12-21,Recharge jusqu'à 350KW - CCS,2023-03-21,2023-07-16T06:43:03.688000+00:00,ionity-gmbh,3.183078,43.985279,38340.0,False,True,38407,PaysVoironnais,,,irve,Array
King Jouet Voiron,"45.38413,5.578157",,,E-TOTEM,contact@e-totem.fr,,King Jouet Voiron,,King Jouet Voiron,Parking privé à usage public,6 Rue Louis Leprince Ringuet 38500 VOIRON,Array,5,Accès libre,false,24/7,false,,,2021-06-22,,2023-06-12,2023-07-16T06:42:52.958000+00:00,e-totem,5.578157,45.38413,38500.0,True,True,38563,PaysVoironnais,,,irve,Array
SPBR1,"45.0527698,6.0308339",,,SPBR1,contact@reseau-eborn.fr,33423100350,eborn,,"Le Bourg d'Oisans, Rue Capitaine Meunier",Voirie,Rue Capitaine Meunier 38520 LE BOURG D OISANS,Array,2,Accès libre,false,24/7,false,,,2020-08-05,Autre paiements : compte prépayé.,2023-04-04,2023-07-16T06:42:47.591000+00:00,spbr1,6.0308339,45.0527698,,False,False,38052,,,,irve,Array
SPBR1,"45.428405,5.513731",,,SPBR1,contact@reseau-eborn.fr,33423100350,eborn,,"Charavines, Place Du Marche",Voirie,Place Du Marche 38850 Charavines,Array,2,Accès libre,false,24/7,false,,,2020-06-21,Autre paiements : compte prépayé.,2023-04-03,2023-07-16T06:42:47.591000+00:00,spbr1,5.513731,45.428405,,False,False,38082,PaysVoironnais,,,irve,Array
SPBR1,"45.173596,5.544305",,,SPBR1,contact@reseau-eborn.fr,33423100350,eborn,,"Autrans, Parking Voie du 6 Fevrier 1968",Voirie,Parking Voie du 6 Fevrier 1968 38880 Autrans,Array,2,Accès libre,false,24/7,false,,,2020-06-21,Autre paiements : compte prépayé.,2023-04-05,2023-07-16T06:42:47.591000+00:00,spbr1,5.544305,45.173596,,False,False,38225,,,,irve,Array
SPBR1,"45.013227,6.12483",,,SPBR1,contact@reseau-eborn.fr,33423100350,eborn,,"Les Deux Alpes, Rue De La Muzelle",Voirie,Rue De La Muzelle 38860 Les Deux Alpes,Array,2,Accès libre,false,24/7,false,,,2020-06-21,Autre paiements : compte prépayé.,2023-04-04,2023-07-16T06:42:47.591000+00:00,spbr1,6.12483,45.013227,,False,False,38253,,,,irve,Array
SPBR1,"44.960441,5.744811",,,SPBR1,contact@reseau-eborn.fr,33423100350,eborn,,"La Motte-D'Aveillans, Rue de l'Eglise",Voirie,Rue de l'Eglise 38770 La Motte-D'Aveillans,Array,2,Accès libre,false,24/7,false,,,2020-06-21,Autre paiements : compte prépayé.,2023-03-31,2023-07-16T06:42:47.591000+00:00,spbr1,5.744811,44.960441,,False,False,38265,,,,irve,Array
SPBR1,"44.970991,5.702787",,,SPBR1,contact@reseau-eborn.fr,33423100350,eborn,,"Monteynard, Chemin Pré Barbier",Voirie,Chemin Pré Barbier 38770 Monteynard,Array,2,Accès libre,false,24/7,false,,,2020-06-21,Autre paiements : compte prépayé.,2022-10-06,2023-07-16T06:42:47.591000+00:00,spbr1,5.702787,44.970991,,False,False,38254,,,,irve,Array
SPBR1,"45.11147,5.87483",,,SPBR1,contact@reseau-eborn.fr,33423100350,eborn,,"Chamrousse, Place des Trolles",Voirie,Place des Trolles 38410 Chamrousse,Array,2,Accès libre,false,24/7,false,,,2020-06-21,Autre paiements : compte prépayé.,2023-04-05,2023-07-16T06:42:47.591000+00:00,spbr1,5.87483,45.11147,,False,False,38567,LeGresivaudan,,,irve,Array
SPBR1,"45.415628,5.853393",,,SPBR1,contact@reseau-eborn.fr,33423100350,eborn,,"Saint-Pierre-D'Entremont, Place du Bourg",Voirie,Place du Bourg 38380 Saint-Pierre-D'Entremont,Array,2,Accès libre,false,24/7,false,,,2020-06-21,Autre paiements : compte prépayé.,2023-04-05,2023-07-16T06:42:47.591000+00:00,spbr1,5.853393,45.415628,,False,False,38446,,,,irve,Array
SPBR1,"45.341601,5.815538",,,SPBR1,contact@reseau-eborn.fr,33423100350,eborn,,"Saint-Pierre-De-Chartreuse, Place de la Mairie",Voirie,Place de la Mairie 38380 Saint-Pierre-De-Chartreuse,Array,2,Accès libre,false,24/7,false,,,2020-06-21,Autre paiements : compte prépayé.,2023-04-05,2023-07-16T06:42:47.591000+00:00,spbr1,5.815538,45.341601,,False,False,38442,,,,irve,Array
SPBR1,"45.433729,5.752153",,,SPBR1,contact@reseau-eborn.fr,33423100350,eborn,,"Entre Deux Guiers, Avenue du 8 mai 1945",Voirie,Avenue du 8 mai 1945 38380 Entre Deux Guiers,Array,2,Accès libre,false,24/7,false,,,2020-06-21,Autre paiements : compte prépayé.,2023-04-04,2023-07-16T06:42:47.591000+00:00,spbr1,5.752153,45.433729,,False,False,38155,,,,irve,Array
SPBR1,"45.485728,5.476562",,,SPBR1,contact@reseau-eborn.fr,33423100350,eborn,,"Virieu, Rue de la Barbeniere",Voirie,Rue de la Barbeniere 38730 Virieu,Array,2,Accès libre,false,24/7,false,,,2020-06-21,Autre paiements : compte prépayé.,2023-04-04,2023-07-16T06:42:47.591000+00:00,spbr1,5.476562,45.485728,,False,False,38560,,,,irve,Array
SPBR1,"45.368226,5.588077",,,SPBR1,contact@reseau-eborn.fr,33423100350,eborn,,"Voiron, Avenue Jules Ravat",Voirie,Avenue Jules Ravat 38500 Voiron,Array,2,Accès libre,false,24/7,false,,,2020-06-21,Autre paiements : compte prépayé.,2023-04-05,2023-07-16T06:42:47.591000+00:00,spbr1,5.588077,45.368226,,False,False,38563,PaysVoironnais,,,irve,Array
SPBR1,"45.3500388,5.5698368",,,SPBR1,contact@reseau-eborn.fr,33423100350,eborn,,"Voiron, Hotel Best Western",Voirie,Hotel Best Western 38500 Voiron,Array,2,Accès libre,false,24/7,false,,,2020-06-21,Autre paiements : compte prépayé.,2023-03-27,2023-07-16T06:42:47.591000+00:00,spbr1,5.5698368,45.3500388,,False,False,38563,PaysVoironnais,,,irve,Array
SPBR1,"45.349774,5.598293",,,SPBR1,contact@reseau-eborn.fr,33423100350,eborn,,"Coublevie, Impasse Des Genets",Voirie,Impasse Des Genets 38500 Coublevie,Array,2,Accès libre,false,24/7,false,,,2020-06-21,Autre paiements : compte prépayé.,2023-04-05,2023-07-16T06:42:47.591000+00:00,spbr1,5.598293,45.349774,,False,False,38133,PaysVoironnais,,,irve,Array
SPBR1,"45.094943,6.070816",,,SPBR1,contact@reseau-eborn.fr,33423100350,eborn,,"Huez, Avenue du Rif Nel",Voirie,Avenue du Rif Nel 38750 Huez,Array,2,Accès libre,false,24/7,false,,,2020-06-21,Autre paiements : compte prépayé.,2023-04-05,2023-07-16T06:42:47.591000+00:00,spbr1,6.070816,45.094943,,False,False,38191,,,,irve,Array
SPBR1,"45.0326389,5.5271472",,,SPBR1,contact@reseau-eborn.fr,33423100350,eborn,,"Corrençon-En-Vercors, Parking RD 215",Voirie,Parking RD 215 38250 Corrençon-En-Vercors,Array,2,Accès libre,false,24/7,false,,,2020-06-21,Autre paiements : compte prépayé.,2023-04-04,2023-07-16T06:42:47.591000+00:00,spbr1,5.5271472,45.0326389,,False,False,38129,,,,irve,Array
SPBR1,"45.029217,5.856414",,,SPBR1,contact@reseau-eborn.fr,33423100350,eborn,,"La Morte, Place De La Mairie",Voirie,Place De La Mairie 38350 La Morte,Array,2,Accès libre,false,24/7,false,,,2020-06-21,Autre paiements : compte prépayé.,2023-04-05,2023-07-16T06:42:47.591000+00:00,spbr1,5.856414,45.029217,,False,False,38264,,,,irve,Array
SPBR1,"45.1274889,5.527525",,,SPBR1,contact@reseau-eborn.fr,33423100350,eborn,,"Meaudre, Place Gérard Clet",Voirie,Place Gérard Clet 38112 Meaudre,Array,2,Accès libre,false,24/7,false,,,2020-06-21,Autre paiements : compte prépayé.,2023-04-04,2023-07-16T06:42:47.591000+00:00,spbr1,5.527525,45.1274889,,False,False,38225,,,,irve,Array
SPBR1,"45.376141,6.048525",,,SPBR1,contact@reseau-eborn.fr,33423100350,eborn,,"Crets-En-Belledonne, St Pierre d'Allevard",Voirie,St Pierre d'Allevard 38570 Crets-En-Belledonne,Array,2,Accès libre,false,24/7,false,,,2020-06-21,Autre paiements : compte prépayé.,2023-04-05,2023-07-16T06:42:47.591000+00:00,spbr1,6.048525,45.376141,,False,False,38439,LeGresivaudan,,,irve,Array
SPBR1,"45.283485,5.881739",,,SPBR1,contact@reseau-eborn.fr,33423100350,eborn,,"Crolles, Avenue Joliot Curie",Voirie,Avenue Joliot Curie 38920 Crolles,Array,2,Accès libre,false,24/7,false,,,2020-06-21,Autre paiements : compte prépayé.,2023-04-05,2023-07-16T06:42:47.591000+00:00,spbr1,5.881739,45.283485,,False,False,38140,LeGresivaudan,,,irve,Array
SPBR1,"45.2955083,5.4828056",,,SPBR1,contact@reseau-eborn.fr,33423100350,eborn,,"Tullins, Parking Place Jean Jaures",Voirie,Parking Place Jean Jaures 38210 Tullins,Array,2,Accès libre,false,24/7,false,,,2020-06-21,Autre paiements : compte prépayé.,2023-04-05,2023-07-16T06:42:47.591000+00:00,spbr1,5.4828056,45.2955083,,False,False,38517,PaysVoironnais,,,irve,Array
SPBR1,"45.390089,5.737686",,,SPBR1,contact@reseau-eborn.fr,33423100350,eborn,,"Saint-Laurent-Du-Pont, PLACE DU 10E  REGROUPEMENT PARKING",Voirie,PLACE DU 10E  REGROUPEMENT PARKING 38380 Saint-Laurent-Du-Pont,Array,2,Accès libre,false,24/7,false,,,2020-06-21,Autre paiements : compte prépayé.,2023-04-05,2023-07-16T06:42:47.591000+00:00,spbr1,5.737686,45.390089,,False,False,38412,,,,irve,Array
SPBR1,"45.020777,5.775626",,,SPBR1,contact@reseau-eborn.fr,33423100350,eborn,,"Laffrey, Camping Grandes Sagnes",Voirie,Camping Grandes Sagnes 38220 Laffrey,Array,2,Accès libre,false,24/7,false,,,2020-06-21,Autre paiements : compte prépayé.,2023-04-03,2023-07-16T06:42:47.591000+00:00,spbr1,5.775626,45.020777,,False,False,38203,,,,irve,Array
SPBR1,"45.252998,5.932438",,,SPBR1,contact@reseau-eborn.fr,33423100350,eborn,,"Laval, Parkinng de la mairie - RD 59",Voirie,Parkinng de la mairie - RD 59 38190 Laval,Array,2,Accès libre,false,24/7,false,,,2020-06-21,Autre paiements : compte prépayé.,2023-04-05,2023-07-16T06:42:47.591000+00:00,spbr1,5.932438,45.252998,,False,False,38206,LeGresivaudan,,,irve,Array
SPBR1,"45.279523,5.538613",,,SPBR1,contact@reseau-eborn.fr,33423100350,eborn,,"Saint-Quentin-Sur-Isère, Route du Sud",Voirie,Route du Sud 38210 Saint-Quentin-Sur-Isère,Array,2,Accès libre,false,24/7,false,,,2020-06-21,Autre paiements : compte prépayé.,2023-04-04,2023-07-16T06:42:47.591000+00:00,spbr1,5.538613,45.279523,,False,False,38450,,,,irve,Array
SPBR1,"45.129631,5.583329",,,SPBR1,contact@reseau-eborn.fr,33423100350,eborn,,"Lans-En-Vercors, Voie du Tram",Voirie,Voie du Tram 38250 Lans-En-Vercors,Array,2,Accès libre,false,24/7,false,,,2020-06-21,Autre paiements : compte prépayé.,2023-04-01,2023-07-16T06:42:47.591000+00:00,spbr1,5.583329,45.129631,,False,False,38205,,,,irve,Array
SPBR1,"45.07208481,5.55164676",,,SPBR1,contact@reseau-eborn.fr,33423100350,eborn,,"Villard-De-Lans, Place Mure Ravaud",Voirie,Place Mure Ravaud 38250 Villard-De-Lans,Array,2,Accès libre,false,24/7,false,,,2020-06-21,Autre paiements : compte prépayé.,2023-04-05,2023-07-16T06:42:47.591000+00:00,spbr1,5.55164676,45.07208481,,False,False,38548,,,,irve,Array
SPBR1,"45.0906,5.902",,,SPBR1,contact@reseau-eborn.fr,33423100350,eborn,,"Livet-Et-Gavet, Rue P. Saras",Voirie,Rue P. Saras 38220 Livet-Et-Gavet,Array,2,Accès libre,false,24/7,false,,,2020-06-21,Autre paiements : compte prépayé.,2023-04-04,2023-07-16T06:42:47.591000+00:00,spbr1,5.902,45.0906,,False,False,38212,,,,irve,Array
SPBR1,"45.170753,5.630496",,,SPBR1,contact@reseau-eborn.fr,33423100350,eborn,,"Saint-Nizier-Du-Moucherotte, Place du 14 Avril 1929",Voirie,Place du 14 Avril 1929 38250 Saint-Nizier-Du-Moucherotte,Array,2,Accès libre,false,24/7,false,,,2020-06-21,Autre paiements : compte prépayé.,2023-03-30,2023-07-16T06:42:47.591000+00:00,spbr1,5.630496,45.170753,,False,False,38433,,,,irve,Array
SPBR1,"45.350166,5.503642",,,SPBR1,contact@reseau-eborn.fr,33423100350,eborn,,"Rives, Place De La Liberation",Voirie,Place De La Liberation 38140 Rives,Array,2,Accès libre,false,24/7,false,,,2020-06-21,Autre paiements : compte prépayé.,2023-04-05,2023-07-16T06:42:47.591000+00:00,spbr1,5.503642,45.350166,,False,False,38337,PaysVoironnais,,,irve,Array
SPBR1,"45.056067,6.077811",,,SPBR1,contact@reseau-eborn.fr,33423100350,eborn,,"Auris, Place des Orgières",Voirie,Place Des Orgières 38142 Auris,Array,2,Accès libre,false,24/7,false,,,2023-02-07,Autre paiements : compte prépayé.,2023-04-05,2023-07-16T06:42:47.591000+00:00,spbr1,6.077811,45.056067,,False,False,38020,,,,irve,Array
SPBR1,"45.241288,5.820972",,,SPBR1,contact@reseau-eborn.fr,33423100350,eborn,,"Saint-Ismier, Chemin du Rozat",Voirie,Chemin du Rozat 38330 Saint-Ismier,Array,2,Accès libre,false,24/7,false,,,2020-06-21,Autre paiements : compte prépayé.,2023-04-04,2023-07-16T06:42:47.591000+00:00,spbr1,5.820972,45.241288,,False,False,38397,LeGresivaudan,,,irve,Array
SPBR1,"45.226977,5.803005",,,SPBR1,contact@reseau-eborn.fr,33423100350,eborn,,"Montbonnot-Saint-Martin, Rue du Général de Gaulle",Voirie,Rue du Général de Gaulle 38330 Montbonnot-Saint-Martin,Array,2,Accès libre,false,24/7,false,,,2020-06-21,Autre paiements : compte prépayé.,2023-04-04,2023-07-16T06:42:47.591000+00:00,spbr1,5.803005,45.226977,,False,False,38249,LeGresivaudan,,,irve,Array
SPBR1,"45.270236,5.8679",,,SPBR1,contact@reseau-eborn.fr,33423100350,eborn,,"Bernin, Place des Droits de l'Homme",Voirie,Place des Droits de l'Homme 38190 Bernin,Array,2,Accès libre,false,24/7,false,,,2020-06-21,Autre paiements : compte prépayé.,2023-04-05,2023-07-16T06:42:47.591000+00:00,spbr1,5.8679,45.270236,,False,False,38039,LeGresivaudan,,,irve,Array
SPBR1,"45.238327,5.888787",,,SPBR1,contact@reseau-eborn.fr,33423100350,eborn,,"Villard-Bonnot, Place de l'Espace Aragon",Voirie,Place de l'Espace Aragon 38190 Villard-Bonnot,Array,2,Accès libre,false,24/7,false,,,2020-06-21,Autre paiements : compte prépayé.,2023-04-05,2023-07-16T06:42:47.591000+00:00,spbr1,5.888787,45.238327,,False,False,38547,LeGresivaudan,,,irve,Array
SPBR1,"45.271113,5.964939",,,SPBR1,contact@reseau-eborn.fr,33423100350,eborn,,"Les Adrets, Parking salle polyvalente",Voirie,Parking salle polyvalente 38190 Les Adrets,Array,2,Accès libre,false,24/7,false,,,2020-06-21,Autre paiements : compte prépayé.,2023-04-05,2023-07-16T06:42:47.591000+00:00,spbr1,5.964939,45.271113,,False,False,38002,LeGresivaudan,,,irve,Array
SPBR1,"45.127339,6.03748",,,SPBR1,contact@reseau-eborn.fr,33423100350,eborn,,"Allemond, Chemin Des Ecoliers",Voirie,Chemin Des Ecoliers 38114 Allemond,Array,2,Accès libre,false,24/7,false,,,2020-06-21,Autre paiements : compte prépayé.,2023-04-03,2023-07-16T06:42:47.591000+00:00,spbr1,6.03748,45.127339,,False,False,38005,,,,irve,Array
SPBR1,"44.95151,5.778528",,,SPBR1,contact@reseau-eborn.fr,33423100350,eborn,,"Pierre-Châtel, Place des Anciens Combattants AFN",Voirie,Place des Anciens Combattants AFN 38119 Pierre-Châtel,Array,2,Accès libre,false,24/7,false,,,2020-06-21,Autre paiements : compte prépayé.,2023-02-23,2023-07-16T06:42:47.591000+00:00,spbr1,5.778528,44.95151,,False,False,38304,,,,irve,Array
SPBR1,"45.09059,6.06444",,,SPBR1,contact@reseau-eborn.fr,33423100350,eborn,,"Huez, Quartier Vieil Alpe",Voirie,Quartier Vieil Alpe 38191 Huez,Array,2,Accès libre,false,24/7,false,,,2022-03-22,Autre paiements : compte prépayé.,2023-04-04,2023-07-16T06:42:47.591000+00:00,spbr1,6.06444,45.09059,,False,False,38191,,,,irve,Array
SPBR1,"45.2996611,5.992505",,,SPBR1,contact@reseau-eborn.fr,33423100350,eborn,,"Theys, Parking RD 2558",Voirie,Parking RD 2558 38570 Theys,Array,2,Accès libre,false,24/7,false,,,2020-06-21,Autre paiements : compte prépayé.,2023-03-30,2023-07-16T06:42:47.591000+00:00,spbr1,5.992505,45.2996611,,False,False,38504,LeGresivaudan,,,irve,Array
SPBR1,"45.310644,5.887383",,,SPBR1,contact@reseau-eborn.fr,33423100350,eborn,,"Saint-Hilaire-Du-Touvet, Route des 3 Villages",Voirie,Route des 3 Villages 38660 Saint-Hilaire-Du-Touvet,Array,2,Accès libre,false,24/7,false,,,2020-06-21,Autre paiements : compte prépayé.,2023-04-02,2023-07-16T06:42:47.591000+00:00,spbr1,5.887383,45.310644,,False,False,38395,LeGresivaudan,,,irve,Array
SPBR1,"45.2958,5.63757",,,SPBR1,contact@reseau-eborn.fr,33423100350,eborn,,"Voreppe, Av Honoré De Balzac",Voirie,Av Honore De Balzac 38340 Voreppe,Array,2,Accès libre,false,24/7,false,,,2020-06-26,Autre paiements : compte prépayé.,2023-04-05,2023-07-16T06:42:47.591000+00:00,spbr1,5.63757,45.2958,,False,False,38565,PaysVoironnais,,,irve,Array
SPBR1,"44.9155285,5.6337565",,,SPBR1,contact@reseau-eborn.fr,33423100350,eborn,,"Monestier-De-Clermont, Grande Rue",Voirie,Grande Rue 38650 Monestier-De-Clermont,Array,2,Accès libre,false,24/7,false,,,2020-06-21,Autre paiements : compte prépayé.,2023-04-05,2023-07-16T06:42:47.591000+00:00,spbr1,5.6337565,44.9155285,,False,False,38242,,,,irve,Array
SPBR1,"45.432277,6.020297",,,SPBR1,contact@reseau-eborn.fr,33423100350,eborn,,"Pontcharra, Parking Mairie",Voirie,Parking Mairie 38530 Pontcharra,Array,2,Accès libre,false,24/7,false,,,2020-06-21,Autre paiements : compte prépayé.,2023-04-04,2023-07-16T06:42:47.591000+00:00,spbr1,6.020297,45.432277,,False,False,38314,LeGresivaudan,,,irve,Array
SPBR1,"45.366279,5.587042",,,SPBR1,contact@reseau-eborn.fr,33423100350,eborn,,"Voiron, Rue Claude Guillermoz",Voirie,Rue Claude Guillermoz 38500 Voiron,Array,2,Accès libre,false,24/7,false,,,2022-02-03,Autre paiements : compte prépayé.,2023-04-02,2023-07-16T06:42:47.591000+00:00,spbr1,5.587042,45.366279,,False,False,38563,PaysVoironnais,,,irve,Array
SPBR1,"45.392746,6.076071",,,SPBR1,contact@reseau-eborn.fr,33423100350,eborn,,"Allevard, Rue De La Republique",Voirie,Rue De La Republique 38580 Allevard,Array,2,Accès libre,false,24/7,false,,,2020-06-21,Autre paiements : compte prépayé.,2023-04-05,2023-07-16T06:42:47.591000+00:00,spbr1,6.076071,45.392746,,False,False,38006,LeGresivaudan,,,irve,Array
SPBR1,"45.455873,5.636785",,,SPBR1,contact@reseau-eborn.fr,33423100350,eborn,,"Saint-Geoire-En-Valdaine, Place André Chaize",Voirie,Place André Chaize 38620 Saint-Geoire-En-Valdaine,Array,2,Accès libre,false,24/7,false,,,2020-06-21,Autre paiements : compte prépayé.,2023-03-14,2023-07-16T06:42:47.591000+00:00,spbr1,5.636785,45.455873,,False,False,38386,PaysVoironnais,,,irve,Array
SPBR1,"44.9751199,5.5761418",,,SPBR1,contact@reseau-eborn.fr,33423100350,eborn,,"Château-Bernard, Parking de l'Eglise",Voirie,Parking de l'Eglise 38650 Château-Bernard,Array,2,Accès libre,false,24/7,false,,,2020-06-21,Autre paiements : compte prépayé.,2023-04-01,2023-07-16T06:42:47.591000+00:00,spbr1,5.5761418,44.9751199,,False,False,38090,,,,irve,Array
SPBR1,"45.371901,5.99027",,,SPBR1,contact@reseau-eborn.fr,33423100350,eborn,,"Le Cheylas, Rue du Stade",Voirie,Rue du Stade 38570 Le Cheylas,Array,2,Accès libre,false,24/7,false,,,2020-06-21,Autre paiements : compte prépayé.,2023-04-01,2023-07-16T06:42:47.591000+00:00,spbr1,5.99027,45.371901,,False,False,38100,LeGresivaudan,,,irve,Array
SPBR1,"45.144034,5.829775",,,SPBR1,contact@reseau-eborn.fr,33423100350,eborn,,"St Martin D Uriage, Parking Avenue Des Thermes - Rd 523",Voirie,Parking Avenue Des Thermes - Rd 523 38410 St Martin D Uriage,Array,2,Accès libre,false,24/7,false,,,2020-06-21,Autre paiements : compte prépayé.,2023-04-05,2023-07-16T06:42:47.591000+00:00,spbr1,5.829775,45.144034,,False,False,38422,LeGresivaudan,,,irve,Array
SPBR1,"45.328211,5.564157",,,SPBR1,contact@reseau-eborn.fr,33423100350,eborn,,"Moirans, Rue Mozart",Voirie,Rue Mozart 38430 Moirans,Array,2,Accès libre,false,24/7,false,,,2020-06-21,Autre paiements : compte prépayé.,2023-04-03,2023-07-16T06:42:47.591000+00:00,spbr1,5.564157,45.328211,,False,False,38239,PaysVoironnais,,,irve,Array
SPBR1,"45.21769,5.8611931",,,SPBR1,contact@reseau-eborn.fr,33423100350,eborn,,"Le Versoud, Rue des Deymes",Voirie,Rue des Deymes 38538 Le Versoud,Array,2,Accès libre,false,24/7,false,,,2022-03-28,Autre paiements : compte prépayé.,2023-04-03,2023-07-16T06:42:47.591000+00:00,spbr1,5.8611931,45.21769,,False,False,38538,LeGresivaudan,,,irve,Array
SPBR1,"45.08731,6.06886",,,SPBR1,contact@reseau-eborn.fr,33423100350,eborn,,"Huez, L'éclose",Voirie,L'eclose 38750 Huez,Array,2,Accès libre,false,24/7,false,,,2022-06-15,Autre paiements : compte prépayé.,2023-04-04,2023-07-16T06:42:47.591000+00:00,spbr1,6.06886,45.08731,,False,False,38191,,,,irve,Array
SPBR1,"44.98706,6.11627",,,SPBR1,contact@reseau-eborn.fr,33423100350,eborn,,"Les Deux Alpes, Office de Tourisme de Venosc",Voirie,La condamine 38860 Les Deux Alpes,Array,2,Accès libre,false,24/7,false,,,2022-06-15,Autre paiements : compte prépayé.,2023-03-01,2023-07-16T06:42:47.591000+00:00,spbr1,6.11627,44.98706,,False,False,38253,,,,irve,Array
SPBR1,"45.010306,6.12483",,,SPBR1,contact@reseau-eborn.fr,33423100350,eborn,,"Les-Deux-Alpes, Place des Deux Alpes",Voirie,Place des Deux Alpes 38860 LES DEUX ALPES,Array,2,Accès libre,true,24/7,false,,,2020-08-05,Autre paiements : compte prépayé.,2023-04-05,2023-07-16T06:42:47.591000+00:00,spbr1,6.12483,45.010306,,False,False,38253,,,,irve,Array
SPBR1,"45.09145,6.067759",,,SPBR1,contact@reseau-eborn.fr,33423100350,eborn,,"Huez, Avenue des Jeux",Voirie,Avenue des Jeux 38750 Huez,Array,2,Accès libre,true,24/7,false,,,2020-06-21,Autre paiements : compte prépayé.,2023-04-05,2023-07-16T06:42:47.591000+00:00,spbr1,6.067759,45.09145,,False,False,38191,,,,irve,Array
SPBR1,"45.0555,6.03424",,,SPBR1,contact@reseau-eborn.fr,33423100350,eborn,,"Le Bourg-D'Oisans, Rue Des Colporteurs",Voirie,Rue Des Colporteurs 38520 Le Bourg-D'Oisans,Array,2,Accès libre,false,24/7,false,,,2020-07-20,Autre paiements : compte prépayé.,2023-04-04,2023-07-16T06:42:47.591000+00:00,spbr1,6.03424,45.0555,,False,False,38052,,,,irve,Array
SPBR1,"45.3633,5.59367",,,SPBR1,contact@reseau-eborn.fr,33423100350,eborn,,"Voiron, Avenue Francois Mitterand",Voirie,Avenue Francois Mitterand 38500 Voiron,Array,2,Accès libre,false,24/7,false,,,2020-07-20,Autre paiements : compte prépayé.,2023-04-05,2023-07-16T06:42:47.591000+00:00,spbr1,5.59367,45.3633,,False,False,38563,PaysVoironnais,,,irve,Array
SPBR1,"45.3424,5.97673",,,SPBR1,contact@reseau-eborn.fr,33423100350,eborn,,"Goncelin, Rue de la Ventive",Voirie,Rue de la Ventive 38570 Goncelin,Array,2,Accès libre,false,24/7,false,,,2020-07-20,Autre paiements : compte prépayé.,2023-04-05,2023-07-16T06:42:47.591000+00:00,spbr1,5.97673,45.3424,,False,False,38181,LeGresivaudan,,,irve,Array
SPBR1,"45.221615,5.812742",,,SPBR1,contact@reseau-eborn.fr,33423100350,eborn,,"Montbonnot, Innovallée",Voirie,Avenue de l'Europe 38330 Montbonnot,Array,2,Accès libre,false,24/7,false,,,2022-03-21,Autre paiements : compte prépayé.,2023-04-05,2023-07-16T06:42:47.591000+00:00,spbr1,5.812742,45.221615,,False,False,38249,LeGresivaudan,,,irve,Array
Protea,"49.2313543194067,2.4680534959656213",805089158.0,nicolas.bouyer@riester.fr,TotalEnergies Marketing France,supervision-ev.france@totalenergies.com,0483568009,RIESTER SAINT MAXIMIN,,RIESTER HYUNDAI - SAINT MAXIMIN,Parking privé réservé à la clientèle,179 rue des Droits de l'Homme 60740  Saint-Maximin,Array,3,Accès libre,false,"Mo-Fr 08:30-12:00,Mo-Fr 13:30-19:00,Sa 09:00-12:00,Sa 14:00-19:00",false,Indirect,Inconnu,2022-10-17,,2023-03-15,2023-07-16T06:42:19.420000+00:00,totalenergies-marketing-france,2.4680534959656213,49.2313543194067,,False,False,38426,LeGresivaudan,,,irve,Array
La Boite A Outils,"45.16083229416006,5.714056171164",779463223.0,nicolas-savoyet@samse.fr,TotalEnergies Marketing France,supervision-ev.france@totalenergies.com,03568009,SAMSE - GRENOBLE,,Siège Social - Pitet,Parking privé à usage public,2 Rue Raymond Pitet 38100 Grenoble,Array,12,Accès libre,false,"Mo-Fr 07:45-12:15,Mo-Fr 13:30-17:30",false,Indirect,Inconnu,2023-02-24,,2023-06-02,2023-07-16T06:42:19.420000+00:00,totalenergies-marketing-france,5.714056171164,45.16083229416006,,True,True,38185,LaMetro,,,irve,Array
La Boite A Outils,"45.148367685972154,5.690473273011127",779463223.0,nicolas-savoyet@samse.fr,TotalEnergies Marketing France,supervision-ev.france@totalenergies.com,0483568009,SAMSE - ERP COMBOIRE,,Entrepôt du Bricolage - Comboire,Parking privé à usage public,2 rue du Drac 38130 Échirolles,Array,14,Accès libre,false,Mo-Sa 07:30-19:30,false,Indirect,Inconnu,2022-10-28,,2023-02-03,2023-07-16T06:42:19.420000+00:00,totalenergies-marketing-france,5.690473273011127,45.14836768597216,38130.0,False,True,38151,LaMetro,,,irve,Array
TotalEnergies Charging Services,"45.278781,5.623604",844192443.0,supervision-ev.france@totalenergies.com,TotalEnergies Charging Services,supervision-ev.france@totalenergies.com,01 41 35 40 00,TotalEnergies Charge Rapide,,RELAIS VOREPPE,Station dédiée à la recharge rapide,A48 AIRE DE VOREPPE 38340 VOREPPE,Array,6,Accès réservé,False,24/7,False,Direct,50045670881413,2022-10-01,,2023-07-06,2023-07-16T06:42:18.663000+00:00,totalenergies-marketing-france,5.623604,45.278781,,False,False,38565,PaysVoironnais,,,irve,Array
TotalEnergies Charging Services,"45.197767,5.78049",844192443.0,supervision-ev.france@totalenergies.com,TotalEnergies Charging Services,supervision-ev.france@totalenergies.com,01 41 35 40 00,TotalEnergies Charge Rapide,,RELAIS DE MEYLAN,Station dédiée à la recharge rapide,RN 87 38240 MEYLAN,Array,4,Accès réservé,False,24/7,False,Direct,50068097315965,2023-06-22,,2023-07-06,2023-07-16T06:42:18.663000+00:00,totalenergies-marketing-france,5.78049,45.197767,,False,False,38229,LaMetro,,,irve,Array
SARL LE BOIS DE CORNAGE,"45.0873099,5.7693176",750986200.0,contact@car2plug.fr,CAR2PLUG,contact@car2plug.fr,0988991011,SARL LE BOIS DE CORNAGE,,SARL LE BOIS DE CORNAGE,Parking privé à usage public,110 CHE DU CAMPING 38220 VIZILLE,Array,2,Accès libre,false,24/7,false,Indirect,0000000000000,2023-01-30,"Paiement par smartphone, applications et CB",2023-01-30,2023-07-16T06:41:55.325000+00:00,car2plug,5.7693176,45.0873099,38220.0,True,True,38562,LaMetro,,,irve,Array
Fastned France,"45.243833,5.86111",853300010.0,contact@fastned.nl,Fastned,contact@fastned.nl,0184710062,Fastned,,Aire de Saint-Nazaire les Eymes,Station dédiée à la recharge rapide,"A41S - Aire de Saint-Nazaire-les-Eymes, 38330 Saint-Nazaire-les-Eymes",Array,8,Accès libre,false,24/7,false,Direct,50069548224970,2022-12-15,,2023-01-04,2023-07-16T06:41:16.583000+00:00,fastned-france,5.86111,45.243833,38330.0,True,True,38431,LeGresivaudan,,,irve,Array
ALESSANDRIA AUTOS - MAZDA GRENOBLE,"45.191796,5.679598",400447710.0,advenir@zeborne.com,ZEBORNE,advenir@zeborne.com,0252072597,ALESSANDRIA AUTOS - MAZDA GRENOBLE,49521.0,Mazda - Grenoble (Fontaine) Gauche - 22kW,Parking public,27 Boulevard Paul Langevin 38600 Fontaine,Array,1,Accès libre,true,"Mo-Fr 08:00-19:00,Sat 09:00-18:00",false,Indirect,inconnu,2020-12-02,,2020-12-02,2023-07-16T06:40:14.888000+00:00,zeborne,5.679598,45.191796,38600.0,True,True,38169,LaMetro,,,irve,Array
ALESSANDRIA AUTOS - MAZDA GRENOBLE,"45.191796,5.679598",400447710.0,advenir@zeborne.com,ZEBORNE,advenir@zeborne.com,0252072597,ALESSANDRIA AUTOS - MAZDA GRENOBLE,49590.0,Mazda - Grenoble (Fontaine) Droite- 22kW,Parking public,27 Boulevard Paul Langevin 38600 Fontaine,Array,1,Accès libre,true,"Mo-Fr 08:00-19:00,Sat 09:00-18:00",false,Indirect,inconnu,2020-12-03,,2020-12-03,2023-07-16T06:40:14.888000+00:00,zeborne,5.679598,45.191796,38600.0,True,True,38169,LaMetro,,,irve,Array
Bricomarché - Villard de lans- SARALAM,"45.087757,5.559237",410177661.0,advenir@zeborne.com,ZEBORNE,advenir@zeborne.com,0252072597,Bricomarché - Villard de lans- SARALAM,70565.0,Bricomarché - Villard de lans - 22kW AC,Parking public,"Rue des Machurons ZA, ZA LES GEYMONDS 38250 Villard-de-Lans",Array,1,Accès libre,false,Mo-sat 09:00-19:00,false,Indirect,inconnu,2021-09-02,,2021-09-02,2023-07-16T06:38:50.188000+00:00,zeborne,5.559237,45.087757,38250.0,True,True,38548,,,,irve,Array
Bricomarché - Villard de lans- SARALAM,"45.087757,5.559237",410177661.0,advenir@zeborne.com,ZEBORNE,advenir@zeborne.com,0252072597,Bricomarché - Villard de lans,70564.0,Bricomarché - Villard de lans - 22kW AC,Parking public,"Rue des Machurons ZA, ZA LES GEYMONDS 38250 Villard-de-Lans",Array,1,Accès libre,true,Mo-sat 09:00-19:00,false,Indirect,inconnu,2021-09-02,,2021-09-02,2023-07-16T06:38:50.188000+00:00,zeborne,5.559237,45.087757,38250.0,True,True,38548,,,,irve,Array
