type,geo_point_2d,city,name,visible,epci
clusters,"45.13625,5.69496",Le Pont-de-Claix,120 Toises,1.0,LaMetro
clusters,"45.20341,5.71433",Saint-Martin-le-Vinoux,Résistance,1.0,LaMetro
clusters,"45.17106,5.75682",Saint-Martin-d'Hères,8 mai 1945,1.0,LaMetro
clusters,"45.18388,5.71174",Grenoble,Abbé Grégoire,1.0,LaMetro
clusters,"45.14292,5.71527",Échirolles,Auguste Delaune,1.0,LaMetro
clusters,"45.20556,5.76449",Meylan,Aiguinards-Hexagone,1.0,LaMetro
clusters,"45.18168,5.73167",Grenoble,Albert 1er de Belgique,1.0,LaMetro
clusters,"45.13148,5.81903",Vaulnaveys-le-Haut,Les Alberges,1.0,LaMetro
clusters,"45.05795,5.68472",Vif,Allée des Granges,1.0,LaMetro
clusters,"45.18422,5.71064",Grenoble,D'Alembert,1.0,LaMetro
clusters,"45.08152,5.76865",Vizille,L'Alliance,1.0,LaMetro
clusters,"45.17398,5.71427",Grenoble,Alliés,1.0,LaMetro
clusters,"45.17204,5.76518",Saint-Martin-d'Hères,Les Alloves,1.0,LaMetro
clusters,"45.15449,5.73379",Eybens,Alpexpo,1.0,LaMetro
clusters,"45.18911,5.7193",Grenoble,Alsace-Lorraine,1.0,LaMetro
clusters,"45.17186,5.70495",Grenoble,Anatole France,1.0,LaMetro
clusters,"45.19272,5.67806",Fontaine,Ancienne Mairie,1.0,LaMetro
clusters,"45.15978,5.68178",Seyssins,Ancienne Gare,1.0,LaMetro
clusters,"45.21793,5.77933",Meylan,Ancienne Mairie,1.0,LaMetro
clusters,"45.13993,5.77617",Brié-et-Angonnes,Les Angonnes,1.0,LaMetro
clusters,"45.17782,5.77786",Saint-Martin-d'Hères,Anguisses,1.0,LaMetro
clusters,"45.09462,5.74417",Jarrie,André Malraux,1.0,LaMetro
clusters,"45.19709,5.71174",Grenoble,Arago,1.0,LaMetro
clusters,"45.18551,5.69465",Seyssinet-Pariset,Aristide Bergès,1.0,LaMetro
clusters,"45.15433,5.68029",Seyssins,L'Argoud,1.0,LaMetro
clusters,"45.17537,5.74447",Grenoble,André Argouges,1.0,LaMetro
clusters,"45.16359,5.73047",Grenoble,Arlequin,1.0,LaMetro
clusters,"45.20683,5.84788",Domène,Les Arnauds,1.0,LaMetro
clusters,"44.99692,5.60258",Le Gua,L'Arzelier,1.0,LaMetro
clusters,"45.14483,5.70962",Échirolles,Auguste Ferrier,1.0,LaMetro
clusters,"45.18399,5.73965",Grenoble,Auguste Ravier,1.0,LaMetro
clusters,"45.14279,5.73589",Bresson,Avenue de la République,1.0,LaMetro
clusters,"45.16681,5.70594",Grenoble,Bachelard,1.0,LaMetro
clusters,"45.17813,5.73614",Grenoble,Bajatière,1.0,LaMetro
clusters,"45.12521,5.68811",Claix,La Balmette,1.0,LaMetro
clusters,"45.08728,5.69421",Varces-Allières-et-Risset,Balzac,1.0,LaMetro
clusters,"45.21726,5.71279",Saint-Martin-le-Vinoux,La Banchardière,1.0,LaMetro
clusters,"45.25801,5.70815",Quaix-en-Chartreuse,Le Barbet,1.0,LaMetro
clusters,"45.23097,5.69175",Saint-Égrève,Collège Barnave,1.0,LaMetro
clusters,"45.07181,5.65496",Saint-Paul-de-Varces,La Bascule,1.0,LaMetro
clusters,"45.25288,5.74174",Quaix-en-Chartreuse,Bas de Mont-Quaix,1.0,LaMetro
clusters,"45.25635,5.71059",Quaix-en-Chartreuse,Bas de Petesset,1.0,LaMetro
clusters,"45.25399,5.70142",Quaix-en-Chartreuse,Le Bas de Quaix,1.0,LaMetro
clusters,"45.20444,5.7376",La Tronche,Bastille,1.0,LaMetro
clusters,"45.11083,5.67865",Claix,Les Bauches,1.0,LaMetro
clusters,"44.97996,5.62235",Miribel-Lanchâtre,Bayanne,1.0,LaMetro
clusters,"45.14591,5.70478",Échirolles,Bayard,1.0,LaMetro
clusters,"45.26586,5.6998",Proveysieux,Le Bazeau,1.0,LaMetro
clusters,"45.21153,5.7907",Meylan,Les Béalières,1.0,LaMetro
clusters,"45.12535,5.67234",Claix,Beau Dunois,1.0,LaMetro
clusters,"45.13855,5.77355",Brié-et-Angonnes,Beaulieu,1.0,LaMetro
clusters,"45.21009,5.64861",Sassenage,Beaurevoir,1.0,LaMetro
clusters,"45.17591,5.69696",Seyssinet-Pariset,Beau Site,1.0,LaMetro
clusters,"45.16417,5.71792",Grenoble,Beauvert,1.0,LaMetro
clusters,"45.15899,5.68325",Seyssins,Beauvoir,1.0,LaMetro
clusters,"45.16106,5.75525",Eybens,Bel Air,1.0,LaMetro
clusters,"45.22268,5.684",Saint-Égrève,Belledonne,1.0,LaMetro
clusters,"45.24406,5.69244",Saint-Égrève,Bellevue,1.0,LaMetro
clusters,"45.11196,5.66548",Claix,Bellevue,1.0,LaMetro
clusters,"45.1765,5.68821",Seyssinet-Pariset,Belvédère,1.0,LaMetro
clusters,"45.18417,5.69071",Seyssinet-Pariset,Bergès - Vercors,1.0,LaMetro
clusters,"45.21882,5.78312",Meylan,Bérivière,1.0,LaMetro
clusters,"45.08998,5.69249",Varces-Allières-et-Risset,Berliognière,1.0,LaMetro
clusters,"45.18878,5.70588",Grenoble,Berriat-Le Magasin,1.0,LaMetro
clusters,"45.2748,5.61283",Veurey-Voroize,Le Béryl,1.0,LaMetro
clusters,"45.19246,5.7709",Gières,Bibliothèques Universitaires,1.0,LaMetro
clusters,"45.23522,5.66953",Saint-Égrève,La Biolle - Gare,1.0,LaMetro
clusters,"45.19195,5.77474",Gières,Universités - Biologie,1.0,LaMetro
clusters,"45.18886,5.73639",Grenoble,Bir Hakeim,1.0,LaMetro
clusters,"45.21064,5.65625",Sassenage,Blanc Fontaine,1.0,LaMetro
clusters,"45.17585,5.75684",Saint-Martin-d'Hères,Parc Jo Blanchon,1.0,LaMetro
clusters,"45.24058,5.67257",Saint-Égrève,Les Bonnais,1.0,LaMetro
clusters,"45.17875,5.7509",Grenoble,Bon Pasteur,1.0,LaMetro
clusters,"45.18077,5.69437",Seyssinet-Pariset,Bouchayer - Hôtel de Ville,1.0,LaMetro
clusters,"45.11962,5.66899",Claix,Boulodrome-Ecole,1.0,LaMetro
clusters,"45.19187,5.81647",Murianette,Le Bourg,1.0,LaMetro
clusters,"45.15765,5.68975",Seyssins,Le Bournet,1.0,LaMetro
clusters,"45.1377,5.74771",Bresson,Bresson Mairie,1.0,LaMetro
clusters,"45.11528,5.78405",Brié-et-Angonnes,Mont Rolland,1.0,LaMetro
clusters,"45.11784,5.78285",Brié-et-Angonnes,L'Olympe,1.0,LaMetro
clusters,"45.11119,5.78653",Brié-et-Angonnes,Brié Église,1.0,LaMetro
clusters,"45.19299,5.81948",Murianette,La Briot,1.0,LaMetro
clusters,"45.16635,5.73118",Grenoble,La Bruyère-Parc Jean Verlhac,1.0,LaMetro
clusters,"45.21581,5.77226",Corenc,Buclos,1.0,LaMetro
clusters,"45.22308,5.71778",Saint-Martin-le-Vinoux,La Buisseratière,1.0,LaMetro
clusters,"45.20884,5.79756",Meylan,Busserolles,1.0,LaMetro
clusters,"45.1815,5.72195",Grenoble,Colonel Dumont,1.0,LaMetro
clusters,"45.08593,5.77127",Vizille,Camping,1.0,LaMetro
clusters,"45.05212,5.7104",Saint-Georges-de-Commiers,Le Canal,1.0,LaMetro
clusters,"45.24018,5.66619",Saint-Égrève,Cap38,1.0,LaMetro
clusters,"45.21732,5.68127",Saint-Égrève,Cap des H',1.0,LaMetro
clusters,"45.17614,5.72539",Grenoble,Capuche,1.0,LaMetro
clusters,"45.16238,5.76305",Saint-Martin-d'Hères,Le Carina,1.0,LaMetro
clusters,"45.20114,5.75855",La Tronche,La Carronnerie Basse,1.0,LaMetro
clusters,"45.20116,5.7588",La Tronche,Carronnerie - Ile d'Amour,1.0,LaMetro
clusters,"45.11472,5.69018",Claix,Carrière,1.0,LaMetro
clusters,"45.14448,5.70071",Échirolles,Danielle Casanova,1.0,LaMetro
clusters,"45.19902,5.71747",Grenoble,Casamaures - Village,1.0,LaMetro
clusters,"45.18506,5.72533",Grenoble,Caserne de Bonne,1.0,LaMetro
clusters,"44.98229,5.62309",Miribel-Lanchâtre,Cassoulet,1.0,LaMetro
clusters,"45.20216,5.70431",Grenoble,Marie-Louise Paris - CEA,1.0,LaMetro
clusters,"45.20783,5.75552",Corenc,Le Cèdre,1.0,LaMetro
clusters,"45.18495,5.70573",Grenoble,Cémoi,1.0,LaMetro
clusters,"45.15886,5.75948",Poisat,Centre Socio-Culturel,1.0,LaMetro
clusters,"45.20617,5.75215",La Tronche,Centre Théologique,1.0,LaMetro
clusters,"45.17084,5.69457",Seyssins,Grand Pré - Centre Sud,1.0,LaMetro
clusters,"45.17817,5.69702",Seyssinet-Pariset,L'Arche,1.0,LaMetro
clusters,"45.10734,5.74936",Jarrie,Les Chaberts,1.0,LaMetro
clusters,"45.04333,5.6644",Vif,Le Chalet,1.0,LaMetro
clusters,"45.08519,5.66714",Varces-Allières-et-Risset,Chambord,1.0,LaMetro
clusters,"45.2051,5.68348",Sassenage,Chamechaude,1.0,LaMetro
clusters,"45.09222,5.7702",Montchaboud,Champ Clocher,1.0,LaMetro
clusters,"45.15627,5.75505",Eybens,Champ Fila,1.0,LaMetro
clusters,"45.18554,5.72318",Grenoble,Championnet,1.0,LaMetro
clusters,"45.22023,5.77982",Meylan,Champlars,1.0,LaMetro
clusters,"45.18438,5.76824",Saint-Martin-d'Hères,Champ Roman,1.0,LaMetro
clusters,"45.18578,5.80285",Gières,Champrondet,1.0,LaMetro
clusters,"45.06841,5.72308",Champ-sur-Drac,ZA La Plaine,1.0,LaMetro
clusters,"45.17794,5.71025",Grenoble,Champs-Elysées,1.0,LaMetro
clusters,"45.23991,5.69158",Saint-Égrève,Champy,1.0,LaMetro
clusters,"45.20744,5.75903",Meylan,Champ Rochas,1.0,LaMetro
clusters,"45.13671,5.7083",Le Pont-de-Claix,Edmée Chandon,1.0,LaMetro
clusters,"45.08058,5.77486",Vizille,Chantefeuille,1.0,LaMetro
clusters,"45.11012,5.66548",Claix,La Chanteraie,1.0,LaMetro
clusters,"45.10097,5.74215",Jarrie,Les Charbonnaux,1.0,LaMetro
clusters,"45.19385,5.68009",Fontaine,Charles Michels,1.0,LaMetro
clusters,"45.32189,5.74005",Proveysieux,Col de la Charmette,1.0,LaMetro
clusters,"45.1974,5.69355",Fontaine,Charmettes,1.0,LaMetro
clusters,"45.11599,5.68888",Claix,Charrières,1.0,LaMetro
clusters,"45.07572,5.77221",Vizille,Place du Château,1.0,LaMetro
clusters,"45.21234,5.65202",Sassenage,Château de Beaurevoir,1.0,LaMetro
clusters,"45.14732,5.72671",Échirolles,Le Château,1.0,LaMetro
clusters,"45.27449,5.60613",Veurey-Voroize,Chemin du Parc,1.0,LaMetro
clusters,"45.27353,5.60481",Veurey-Voroize,Châtelard,1.0,LaMetro
clusters,"45.16217,5.74903",Eybens,La Châtelière,1.0,LaMetro
clusters,"45.21224,5.66167",Sassenage,Château de Sassenage,1.0,LaMetro
clusters,"45.23655,5.63811",Noyarey,Chaulnes,1.0,LaMetro
clusters,"45.1266,5.67411",Claix,Les Chaumes,1.0,LaMetro
clusters,"45.21244,5.77061",Meylan,Chaumetière,1.0,LaMetro
clusters,"45.1547,5.68938",Seyssins,Hameau des Chaumières,1.0,LaMetro
clusters,"45.18466,5.73177",Grenoble,Chavant,1.0,LaMetro
clusters,"45.13521,5.66842",Claix,Chemin de l'Abbé,1.0,LaMetro
clusters,"45.22733,5.75876",Corenc,Batonnière,1.0,LaMetro
clusters,"45.21055,5.70612",Saint-Martin-le-Vinoux,Canet,1.0,LaMetro
clusters,"45.2366,5.69236",Saint-Égrève,Chemin Vert,1.0,LaMetro
clusters,"45.21809,5.65343",Sassenage,Les Chênes,1.0,LaMetro
clusters,"45.20673,5.82734",Domène,Chenevières,1.0,LaMetro
clusters,"45.26117,5.69831",Proveysieux,La Chiaise,1.0,LaMetro
clusters,"45.12118,5.68251",Claix,La Chièze,1.0,LaMetro
clusters,"45.14025,5.78364",Brié-et-Angonnes,Le Chollet,1.0,LaMetro
clusters,"45.16605,5.75142",Saint-Martin-d'Hères,Chopin,1.0,LaMetro
clusters,"45.18593,5.71744",Grenoble,Chorier - Condorcet,1.0,LaMetro
clusters,"45.16137,5.72414",Grenoble,Christophe Turc,1.0,LaMetro
clusters,"45.26474,5.77743",Le Sappey-en-Chartreuse,Churut,1.0,LaMetro
clusters,"45.04812,5.66739",Vif,La Cime du Bourg,1.0,LaMetro
clusters,"45.25733,5.74609",Quaix-en-Chartreuse,La Cime de Mont-Quaix,1.0,LaMetro
clusters,"45.13047,5.68357",Claix,Les Cimentiers,1.0,LaMetro
clusters,"45.16967,5.68346",Seyssinet-Pariset,Cimetière,1.0,LaMetro
clusters,"45.14524,5.67678",Seyssins,Garlettes,1.0,LaMetro
clusters,"45.19247,5.74534",La Tronche,Cimetière du Grand Sablon,1.0,LaMetro
clusters,"45.19508,5.7112",Grenoble,Cité Internationale,1.0,LaMetro
clusters,"45.18234,5.7598",Saint-Martin-d'Hères,Cité Labeye,1.0,LaMetro
clusters,"45.19996,5.7105",Grenoble,Cité Jean Macé,1.0,LaMetro
clusters,"45.16855,5.70479",Grenoble,Cité Paul Mistral,1.0,LaMetro
clusters,"45.09546,5.67214",Varces-Allières-et-Risset,Collège Jules Verne,1.0,LaMetro
clusters,"45.12025,5.67247",Claix,Claix Mairie,1.0,LaMetro
clusters,"45.18388,5.74107",Grenoble,Clémenceau,1.0,LaMetro
clusters,"45.18598,5.76095",Saint-Martin-d'Hères,Clinique Belledonne,1.0,LaMetro
clusters,"45.16201,5.67406",Seyssins,Clinique - Portail,1.0,LaMetro
clusters,"45.18126,5.71028",Grenoble,Groupe Hospitalier Mutualiste,1.0,LaMetro
clusters,"45.13546,5.70127",Le Pont-de-Claix,Clos Dominique,1.0,LaMetro
clusters,"45.16955,5.72321",Grenoble,Clos d'Or,1.0,LaMetro
clusters,"45.20968,5.71052",Saint-Martin-le-Vinoux,Clos Gérard Gruel,1.0,LaMetro
clusters,"45.09693,5.74585",Jarrie,Clos Jouvin,1.0,LaMetro
clusters,"45.20503,5.71402",Saint-Martin-le-Vinoux,Clos Saint-Martin,1.0,LaMetro
clusters,"44.99089,5.59541",Le Gua,Col de l'Arzelier,1.0,LaMetro
clusters,"45.27237,5.67606",Mont-Saint-Martin,Colavière,1.0,LaMetro
clusters,"45.21784,5.69096",Saint-Martin-le-Vinoux,Collège Chartreuse,1.0,LaMetro
clusters,"45.23437,5.72578",Saint-Martin-le-Vinoux,Col de Clémencières,1.0,LaMetro
clusters,"45.14004,5.6732",Claix,Col de Comboire,1.0,LaMetro
clusters,"45.20302,5.66953",Sassenage,Collège Fleming,1.0,LaMetro
clusters,"45.18073,5.76596",Saint-Martin-d'Hères,Coli,1.0,LaMetro
clusters,"45.16143,5.74306",Eybens,Collège des Saules,1.0,LaMetro
clusters,"45.14647,5.70177",Échirolles,Colonel Manhès,1.0,LaMetro
clusters,"45.08654,5.77467",Vizille,Collège Les Mattons,1.0,LaMetro
clusters,"45.28982,5.76704",Sarcenas,Col de Porte,1.0,LaMetro
clusters,"45.234,5.75107",Corenc,Col de Vence,1.0,LaMetro
clusters,"45.27742,5.71585",Proveysieux,Planfay Combaleyre,1.0,LaMetro
clusters,"45.13446,5.71471",Échirolles,Pied de la Combe,1.0,LaMetro
clusters,"45.14583,5.69081",Échirolles,Comboire,1.0,LaMetro
clusters,"45.20324,5.74535",La Tronche,Commandant Nal,1.0,LaMetro
clusters,"45.14363,5.73336",Échirolles,Commanderie,1.0,LaMetro
clusters,"45.21142,5.67272",Sassenage,Complexe Sportif,1.0,LaMetro
clusters,"45.04472,5.70732",Saint-Georges-de-Commiers,Les Condamines,1.0,LaMetro
clusters,"45.18915,5.77445",Saint-Martin-d'Hères,Condillac - Universités,1.0,LaMetro
clusters,"45.18553,5.71823",Grenoble,Condorcet,1.0,LaMetro
clusters,"45.20592,5.70944",Saint-Martin-le-Vinoux,Conrad Kilian,1.0,LaMetro
clusters,"45.20974,5.75272",Corenc,Corenc Mairie,1.0,LaMetro
clusters,"45.21983,5.76229",Corenc,Corenc Village,1.0,LaMetro
clusters,"45.21809,5.76046",Corenc,La Corne d'Or,1.0,LaMetro
clusters,"45.08176,5.78758",Vizille,Les Corniers,1.0,LaMetro
clusters,"45.13895,5.67006",Claix,Cossey,1.0,LaMetro
clusters,"45.12669,5.6867",Claix,Le Coteau,1.0,LaMetro
clusters,"45.21006,5.64749",Sassenage,Les Côtes,1.0,LaMetro
clusters,"45.20004,5.83528",Domène,Coubertin,1.0,LaMetro
clusters,"45.07055,5.64494",Saint-Paul-de-Varces,La Croix,1.0,LaMetro
clusters,"45.18558,5.7479",Saint-Martin-d'Hères,Croix Rouge,1.0,LaMetro
clusters,"45.1292,5.67128",Claix,La Croix Rolland,1.0,LaMetro
clusters,"45.17006,5.80858",Venon,Cul Froid,1.0,LaMetro
clusters,"45.19188,5.69505",Fontaine,Curie - Vercors,1.0,LaMetro
clusters,"45.2349,5.68768",Saint-Égrève,Cuvilleux,1.0,LaMetro
clusters,"45.226,5.7842",Meylan,Croix de Cibeins,1.0,LaMetro
clusters,"45.20879,5.74934",Corenc,Croix de Montfleury,1.0,LaMetro
clusters,"45.16821,5.76174",Saint-Martin-d'Hères,Croix du Pâtre,1.0,LaMetro
clusters,"45.22374,5.78177",Meylan,Croix des Rameaux,1.0,LaMetro
clusters,"45.16163,5.74447",Eybens,Général de Gaulle,1.0,LaMetro
clusters,"45.13832,5.71307",Échirolles,Denis Papin,1.0,LaMetro
clusters,"45.21285,5.64587",Sassenage,La Dent du Loup,1.0,LaMetro
clusters,"45.17829,5.72771",Grenoble,Rue des Déportés,1.0,LaMetro
clusters,"45.22278,5.7927",Meylan,La Détourbe,1.0,LaMetro
clusters,"45.20152,5.83821",Domène,Domène Mairie,1.0,LaMetro
clusters,"45.20138,5.75303",La Tronche,Doyen Gosse,1.0,LaMetro
clusters,"45.12265,5.69102",Claix,Mémorial,1.0,LaMetro
clusters,"45.14895,5.69397",Échirolles,Drac,1.0,LaMetro
clusters,"45.18013,5.71077",Grenoble,Vallier - Docteur Calmette,1.0,LaMetro
clusters,"45.18228,5.7341",Grenoble,Driant,1.0,LaMetro
clusters,"45.18731,5.72728",Grenoble,Docteur Martin,1.0,LaMetro
clusters,"45.19128,5.72201",Grenoble,Docteur Mazet,1.0,LaMetro
clusters,"45.17245,5.70632",Grenoble,Docteur Schweitzer,1.0,LaMetro
clusters,"45.1902,5.72822",Grenoble,Hubert Dubedout - Maison du Tourisme,1.0,LaMetro
clusters,"45.1988,5.71015",Grenoble,Durant-Savoyat,1.0,LaMetro
clusters,"45.26824,5.61944",Veurey-Voroize,Les Echalières,1.0,LaMetro
clusters,"45.15302,5.71848",Échirolles,Echirolles Gare,1.0,LaMetro
clusters,"45.25346,5.71992",Quaix-en-Chartreuse,Quaix-en-Chartreuse Village,1.0,LaMetro
clusters,"45.07999,5.73469",Champ-sur-Drac,Le Pavillon,1.0,LaMetro
clusters,"45.06908,5.69334",Vif,Ecole Reymure,1.0,LaMetro
clusters,"45.14638,5.72973",Échirolles,Ecoles Hospitalières,1.0,LaMetro
clusters,"45.19753,5.68631",Fontaine,Les Écrins,1.0,LaMetro
clusters,"45.14261,5.70384",Échirolles,Ecureuil,1.0,LaMetro
clusters,"45.18149,5.78755",Gières,Edelweiss,1.0,LaMetro
clusters,"45.18183,5.74091",Grenoble,Edison,1.0,LaMetro
clusters,"45.15937,5.72662",Grenoble,Edmond Esmonin,1.0,LaMetro
clusters,"45.17446,5.75432",Saint-Martin-d'Hères,Edmond Rostand,1.0,LaMetro
clusters,"45.17902,5.75528",Saint-Martin-d'Hères,Edouard Vaillant,1.0,LaMetro
clusters,"45.23999,5.68407",Saint-Égrève,Eglise,1.0,LaMetro
clusters,"45.26335,5.69973",Proveysieux,Proveysieux Village,1.0,LaMetro
clusters,"45.27608,5.70727",Proveysieux,Pont du Gua,1.0,LaMetro
clusters,"45.25822,5.69591",Proveysieux,Le Mollard,1.0,LaMetro
clusters,"45.08403,5.77517",Vizille,Ecoles Joliot-Curie,1.0,LaMetro
clusters,"45.17958,5.77015",Saint-Martin-d'Hères,Elsa Triolet,1.0,LaMetro
clusters,"45.2196,5.66022",Sassenage,Les Engenières,1.0,LaMetro
clusters,"45.19496,5.77481",Gières,Epicéa,1.0,LaMetro
clusters,"45.19158,5.7065",Grenoble,Esclangon,1.0,LaMetro
clusters,"45.19566,5.71679",Grenoble,Annie Fratellini-Esplanade,1.0,LaMetro
clusters,"45.15588,5.71909",Échirolles,Essarts - La Butte,1.0,LaMetro
clusters,"45.17213,5.75769",Saint-Martin-d'Hères,Etienne Grappe,1.0,LaMetro
clusters,"45.17284,5.72476",Grenoble,Eugène Sue,1.0,LaMetro
clusters,"45.14733,5.74979",Eybens,Eybens Mairie,1.0,LaMetro
clusters,"45.21385,5.76461",Corenc,Eygala,1.0,LaMetro
clusters,"45.2115,5.77392",Meylan,Faculté de Pharmacie,1.0,LaMetro
clusters,"45.17651,5.69427",Seyssinet-Pariset,Fauconnière,1.0,LaMetro
clusters,"45.19073,5.71847",Grenoble,Félix Viallet,1.0,LaMetro
clusters,"45.22864,5.69171",Saint-Égrève,Chemin Fiancey,1.0,LaMetro
clusters,"45.17049,5.72791",Grenoble,Flaubert - Clos d'Or,1.0,LaMetro
clusters,"45.27158,5.67442",Mont-Saint-Martin,Fochaire,1.0,LaMetro
clusters,"45.1808,5.72256",Grenoble,Foch - Ferrié,1.0,LaMetro
clusters,"45.12215,5.68935",Claix,Fond Ratel,1.0,LaMetro
clusters,"45.08728,5.70786",Varces-Allières-et-Risset,Fontagneux,1.0,LaMetro
clusters,"45.19134,5.68727",Fontaine,Fontaine Hôtel de Ville - La Source,1.0,LaMetro
clusters,"45.18909,5.69844",Fontaine,Les Fontainades - Le Vog,1.0,LaMetro
clusters,"45.25507,5.66148",Fontanil-Cornillon,Palluel,1.0,LaMetro
clusters,"45.25618,5.66633",Fontanil-Cornillon,Le Fontanil Mairie,1.0,LaMetro
clusters,"45.25823,5.66385",Fontanil-Cornillon,Le Fontanil Cimetière,1.0,LaMetro
clusters,"45.2592,5.7449",Quaix-en-Chartreuse,Fontvieille,1.0,LaMetro
clusters,"45.20966,5.677",Sassenage,François Blumet,1.0,LaMetro
clusters,"45.17338,5.79514",Venon,La Frênaie,1.0,LaMetro
clusters,"45.1479,5.73517",Échirolles,François Quesnay,1.0,LaMetro
clusters,"45.12596,5.67131",Claix,Furonnières,1.0,LaMetro
clusters,"45.19228,5.7643",Saint-Martin-d'Hères,Gabriel Fauré,1.0,LaMetro
clusters,"45.21485,5.68576",Saint-Martin-le-Vinoux,Louis Gagnière,1.0,LaMetro
clusters,"45.17878,5.77315",Saint-Martin-d'Hères,Galochère,1.0,LaMetro
clusters,"45.06389,5.66986",Vif,Les Garcins,1.0,LaMetro
clusters,"45.07049,5.65062",Saint-Paul-de-Varces,La Garde,1.0,LaMetro
clusters,"45.08563,5.74255",Jarrie,Jarrie Gare,1.0,LaMetro
clusters,"45.22729,5.76583",Corenc,La Garenne,1.0,LaMetro
clusters,"45.19078,5.71554",Grenoble,Gares,1.0,LaMetro
clusters,"45.19095,5.71557",Grenoble,Gares,,LaMetro
clusters,"45.14748,5.67773",Seyssins,Garlettes,,LaMetro
clusters,"45.19298,5.71406",Grenoble,Gare Routière,1.0,LaMetro
clusters,"45.24122,5.68148",Saint-Égrève,Gavanière,1.0,LaMetro
clusters,"45.18479,5.75086",Saint-Martin-d'Hères,Gay,1.0,LaMetro
clusters,"45.13645,5.71214",Échirolles,Gay Lussac,1.0,LaMetro
clusters,"45.18194,5.74841",Saint-Martin-d'Hères,Grand Châtelet,1.0,LaMetro
clusters,"45.20704,5.74578",La Tronche,Grande Tronche,1.0,LaMetro
clusters,"45.07385,5.72957",Champ-sur-Drac,Grand Verger,1.0,LaMetro
clusters,"45.19647,5.67704",Fontaine,Gérard Philipe,1.0,LaMetro
clusters,"45.18528,5.78458",Gières,Gières Gare - Universités,1.0,LaMetro
clusters,"45.19421,5.72525",Grenoble,Maurice Gignoux,1.0,LaMetro
clusters,"45.09503,5.67982",Varces-Allières-et-Risset,La Giraudière,1.0,LaMetro
clusters,"45.16964,5.76358",Saint-Martin-d'Hères,Glaïeuls,1.0,LaMetro
clusters,"45.21901,5.67949",Saint-Égrève,Les Glairaux,1.0,LaMetro
clusters,"45.14962,5.71167",Échirolles,Les Glières,1.0,LaMetro
clusters,"45.07745,5.73156",Champ-sur-Drac,Marcel Paul,1.0,LaMetro
clusters,"45.17178,5.69424",Seyssinet-Pariset,Grand Pré,1.0,LaMetro
clusters,"45.24558,5.69563",Saint-Égrève,Grange Haute,1.0,LaMetro
clusters,"45.03933,5.66126",Vif,La Grange,1.0,LaMetro
clusters,"45.15696,5.72781",Échirolles,Les Granges,1.0,LaMetro
clusters,"45.21027,5.78453",Meylan,Granier,1.0,LaMetro
clusters,"45.14185,5.71816",Échirolles,Centre du graphisme,1.0,LaMetro
clusters,"45.15893,5.73179",Grenoble,Grand'place,1.0,LaMetro
clusters,"45.19903,5.75",La Tronche,Grand Sablon,1.0,LaMetro
clusters,"45.18746,5.73779",Grenoble,Grenoble Hôtel de Ville,1.0,LaMetro
clusters,"45.20997,5.76177",Corenc,Grésivaudan,1.0,LaMetro
clusters,"45.08233,5.77515",Vizille,Le Grimpillon,1.0,LaMetro
clusters,"45.07832,5.7021",Varces-Allières-et-Risset,Le Gros Chêne,1.0,LaMetro
clusters,"45.15127,5.70946",Échirolles,Grugliasco,1.0,LaMetro
clusters,"45.22869,5.78464",Meylan,Gué du Boutet,1.0,LaMetro
clusters,"45.20414,5.71545",Saint-Martin-le-Vinoux,16 Août 1944,1.0,LaMetro
clusters,"45.12655,5.8167",Vaulnaveys-le-Haut,Les Guichards,1.0,LaMetro
clusters,"45.03859,5.70576",Saint-Georges-de-Commiers,Les Guiberts,1.0,LaMetro
clusters,"45.1817,5.72783",Grenoble,Gustave Rivet,1.0,LaMetro
clusters,"45.14548,5.72585",Échirolles,Guy Mocquet,1.0,LaMetro
clusters,"45.19137,5.75866",Saint-Martin-d'Hères,Hector Berlioz - Universités,1.0,LaMetro
clusters,"45.17441,5.7083",Grenoble,Henri Dunant,1.0,LaMetro
clusters,"45.13887,5.79311",Herbeys,Herbeys Le Bourg,1.0,LaMetro
clusters,"45.1474,5.67773",Seyssins,Henri Rey,1.0,LaMetro
clusters,"45.17563,5.76392",Saint-Martin-d'Hères,Henri Wallon,1.0,LaMetro
clusters,"45.1469,5.73274",Échirolles,Hôpital Sud,1.0,LaMetro
clusters,"45.19714,5.74758",La Tronche,Hôpital Michallon,1.0,LaMetro
clusters,"45.1941,5.73571",Grenoble,Hôtel de Police,1.0,LaMetro
clusters,"45.21363,5.69885",Saint-Martin-le-Vinoux,Horloge,1.0,LaMetro
clusters,"45.21153,5.71775",Saint-Martin-le-Vinoux,Hôtel Bellevue,1.0,LaMetro
clusters,"45.17794,5.7517",Saint-Martin-d'Hères,Houille Blanche,1.0,LaMetro
clusters,"45.21798,5.77913",Meylan,Haut-Meylan,1.0,LaMetro
clusters,"45.24179,5.75433",Corenc,Hameau de Vence,1.0,LaMetro
clusters,"45.25971,5.62608",Veurey-Voroize,Iles Cordées,1.0,LaMetro
clusters,"45.13197,5.70026",Le Pont-de-Claix,Iles de Mars,1.0,LaMetro
clusters,"45.19713,5.73662",Grenoble,Ile Verte,1.0,LaMetro
clusters,"45.14713,5.74546",Eybens,L'Iliade,1.0,LaMetro
clusters,"45.12742,5.69856",Le Pont-de-Claix,Irène Joliot-Curie,1.0,LaMetro
clusters,"45.04881,5.70664",Saint-Georges-de-Commiers,Les Isles,1.0,LaMetro
clusters,"45.19766,5.77588",Gières,Universités - IUT - UFRAPS,1.0,LaMetro
clusters,"45.06461,5.69128",Vif,Jacobins,1.0,LaMetro
clusters,"45.22103,5.79007",Meylan,Les Jaillières,1.0,LaMetro
clusters,"45.15034,5.7499",Eybens,Les Javaux,1.0,LaMetro
clusters,"45.12172,5.8144",Vaulnaveys-le-Haut,Ecole Jules Bruant,1.0,LaMetro
clusters,"45.18177,5.74518",Grenoble,Jeanne d'Arc,1.0,LaMetro
clusters,"45.18955,5.68276",Fontaine,Jean Prévost,1.0,LaMetro
clusters,"45.20854,5.75845",Meylan,Jules Flandrin,1.0,LaMetro
clusters,"45.16682,5.74175",Grenoble,Jean Racine,1.0,LaMetro
clusters,"45.19791,5.68878",Fontaine,Jules Guesde,1.0,LaMetro
clusters,"45.20658,5.74278",La Tronche,Jules Rey,1.0,LaMetro
clusters,"45.24235,5.67093",Saint-Égrève,Karben,1.0,LaMetro
clusters,"45.18652,5.68729",Fontaine,Karl Marx,1.0,LaMetro
clusters,"45.16003,5.68982",Seyssins,La Baume,1.0,LaMetro
clusters,"45.22242,5.72475",Saint-Martin-le-Vinoux,Lachal,1.0,LaMetro
clusters,"45.01277,5.61587",Le Gua,La Charrière,1.0,LaMetro
clusters,"45.17051,5.80746",Venon,La Chênaie,1.0,LaMetro
clusters,"45.17412,5.79001",Gières,La Combe,1.0,LaMetro
clusters,"45.25606,5.62814",Veurey-Voroize,La Cuche,1.0,LaMetro
clusters,"45.17542,5.79467",Venon,La Faurie,1.0,LaMetro
clusters,"45.2171,5.77634",Meylan,La Foy,1.0,LaMetro
clusters,"45.1408,5.74997",Bresson,Lagay,1.0,LaMetro
clusters,"45.1613,5.68296",Seyssins,L'Agneau,1.0,LaMetro
clusters,"45.21513,5.71914",Saint-Martin-le-Vinoux,La Gomma,1.0,LaMetro
clusters,"45.14003,5.69852",Le Pont-de-Claix,Gendarmerie,1.0,LaMetro
clusters,"45.15551,5.67222",Seyssins,Rue de la Lune,1.0,LaMetro
clusters,"45.07063,5.72713",Champ-sur-Drac,La Melle,1.0,LaMetro
clusters,"45.23799,5.68861",Saint-Égrève,La Monta,1.0,LaMetro
clusters,"45.13035,5.69975",Le Pont-de-Claix,L'Amphi,1.0,LaMetro
clusters,"45.17825,5.69178",Seyssinet-Pariset,Murailles,1.0,LaMetro
clusters,"45.14346,5.72313",Échirolles,Paul Langevin,1.0,LaMetro
clusters,"44.98916,5.62198",Le Gua,La Pierre,1.0,LaMetro
clusters,"45.1726,5.69689",Seyssinet-Pariset,La Plaine,1.0,LaMetro
clusters,"45.19709,5.67222",Fontaine,La Poya,1.0,LaMetro
clusters,"45.29462,5.76561",Sarcenas,La Prairie,1.0,LaMetro
clusters,"45.26869,5.6686",Mont-Saint-Martin,La Rivoire,1.0,LaMetro
clusters,"45.22001,5.71507",Saint-Martin-le-Vinoux,La Rivoire,1.0,LaMetro
clusters,"45.17283,5.79806",Venon,La Serralière,1.0,LaMetro
clusters,"45.20279,5.68586",Fontaine,La Sure,1.0,LaMetro
clusters,"45.03822,5.70418",Saint-Georges-de-Commiers,La Tour,1.0,LaMetro
clusters,"45.13617,5.82423",Vaulnaveys-le-Haut,La Tuilerie,1.0,LaMetro
clusters,"45.05031,5.67129",Vif,La Valonne,1.0,LaMetro
clusters,"45.17409,5.80262",Venon,La Ville,1.0,LaMetro
clusters,"45.14781,5.75116",Eybens,Le Bourg,1.0,LaMetro
clusters,"45.2059,5.77174",Meylan,Le Brêt,1.0,LaMetro
clusters,"45.16149,5.67354",Seyssins,Clinique du Dauphiné,1.0,LaMetro
clusters,"45.18186,5.78095",Gières,Le Chamandier,1.0,LaMetro
clusters,"45.17096,5.82185",Venon,Le Chapon,1.0,LaMetro
clusters,"45.1631,5.8123",Venon,Le Chenil,1.0,LaMetro
clusters,"45.20454,5.75928",Meylan,Les Léchères,1.0,LaMetro
clusters,"45.16807,5.67875",Seyssinet-Pariset,Les Combes,1.0,LaMetro
clusters,"45.14391,5.74859",Eybens,Le Crêt,1.0,LaMetro
clusters,"45.22453,5.71878",Saint-Martin-le-Vinoux,Gatinet,1.0,LaMetro
clusters,"45.21529,5.74853",La Tronche,Le Gorget,1.0,LaMetro
clusters,"45.25474,5.77111",Le Sappey-en-Chartreuse,Le Gouillat,1.0,LaMetro
clusters,"45.20969,5.66443",Sassenage,Le Gua,1.0,LaMetro
clusters,"45.02211,5.64457",Le Gua,Le Gua Mairie,1.0,LaMetro
clusters,"45.18746,5.80706",Gières,Le Japin,1.0,LaMetro
clusters,"45.16412,5.75044",Saint-Martin-d'Hères,Le Marais,1.0,LaMetro
clusters,"45.2177,5.72187",Saint-Martin-le-Vinoux,Mas Caché,1.0,LaMetro
clusters,"45.1333,5.77484",Brié-et-Angonnes,L'Enclos,1.0,LaMetro
clusters,"45.08448,5.73474",Champ-sur-Drac,Léo Lagrange,1.0,LaMetro
clusters,"45.169,5.74444",Grenoble,Léon Jouhaux,1.0,LaMetro
clusters,"45.15864,5.67447",Seyssins,Le Parlement,1.0,LaMetro
clusters,"45.17245,5.81036",Venon,Le Perroud,1.0,LaMetro
clusters,"45.11776,5.7479",Jarrie,Le Plâtre,1.0,LaMetro
clusters,"45.09398,5.79326",Vaulnaveys-le-Bas,Chemin des Cottes,1.0,LaMetro
clusters,"45.15698,5.6788",Seyssins,Le Priou,1.0,LaMetro
clusters,"45.07462,5.69959",Vif,Le Refuge,1.0,LaMetro
clusters,"45.16989,5.81322",Venon,Le Reynet,1.0,LaMetro
clusters,"45.0323,5.65546",Vif,Le Rif,1.0,LaMetro
clusters,"45.20926,5.7423",La Tronche,Le Rozan,1.0,LaMetro
clusters,"45.07547,5.7786",Vizille,Les Allas,1.0,LaMetro
clusters,"45.17821,5.74264",Grenoble,Suzanne Noël - Les Bains,1.0,LaMetro
clusters,"45.20964,5.718",Saint-Martin-le-Vinoux,Les Combes,1.0,LaMetro
clusters,"45.15689,5.6708",Seyssins,Les Côtes,1.0,LaMetro
clusters,"45.1593,5.71376",Grenoble,Les Essarts,1.0,LaMetro
clusters,"45.01439,5.61354",Le Gua,Les Faures,1.0,LaMetro
clusters,"45.20589,5.71784",Saint-Martin-le-Vinoux,Les Fauvettes,1.0,LaMetro
clusters,"45.07716,5.76858",Vizille,Les Forges,1.0,LaMetro
clusters,"45.1841,5.69716",Seyssinet-Pariset,Les Iles,1.0,LaMetro
clusters,"45.19957,5.66989",Sassenage,Les Pies,1.0,LaMetro
clusters,"45.13788,5.7033",Le Pont-de-Claix,L'Etoile,1.0,LaMetro
clusters,"44.97015,5.60875",Miribel-Lanchâtre,Le Vernay,1.0,LaMetro
clusters,"45.22629,5.72548",Saint-Martin-le-Vinoux,Levetière,1.0,LaMetro
clusters,"45.21501,5.70418",Saint-Martin-le-Vinoux,L'Hermitage,1.0,LaMetro
clusters,"45.16976,5.71287",Grenoble,Louise Michel,1.0,LaMetro
clusters,"45.16999,5.73712",Grenoble,Louis Jouvet,1.0,LaMetro
clusters,"45.06872,5.76836",Vizille,Vizille Lycée,1.0,LaMetro
clusters,"45.21416,5.7791",Meylan,Lycée du Grésivaudan - Bachais,1.0,LaMetro
clusters,"45.2134,5.78085",Meylan,Lycée du Grésivaudan,1.0,LaMetro
clusters,"45.17304,5.71057",Grenoble,Lys Rouge,1.0,LaMetro
clusters,"45.18515,5.74324",Grenoble,Madeleine,1.0,LaMetro
clusters,"45.17347,5.73206",Grenoble,MC2: Maison de la Culture,1.0,LaMetro
clusters,"45.17354,5.71805",Grenoble,Marché d'Intérêt National,1.0,LaMetro
clusters,"45.21118,5.75092",Corenc,Mairie-Condamine,1.0,LaMetro
clusters,"45.20826,5.70685",Saint-Martin-le-Vinoux,Saint-Martin-le-Vinoux Hôtel de Ville,1.0,LaMetro
clusters,"45.15975,5.72325",Grenoble,Maison des Anciens,1.0,LaMetro
clusters,"45.16491,5.74252",Eybens,Maisons Neuves,1.0,LaMetro
clusters,"45.11181,5.80512",Vaulnaveys-le-Bas,Maison Blanche,1.0,LaMetro
clusters,"45.18412,5.75414",Saint-Martin-d'Hères,Maison Communale,1.0,LaMetro
clusters,"45.18912,5.69409",Fontaine,Louis Maisonnat,1.0,LaMetro
clusters,"45.21122,5.78722",Meylan,Malacher,1.0,LaMetro
clusters,"45.20773,5.68048",Sassenage,Maladière,1.0,LaMetro
clusters,"45.16928,5.73229",Grenoble,Malherbe,1.0,LaMetro
clusters,"45.13254,5.66688",Claix,Malhivert,1.0,LaMetro
clusters,"45.08396,5.7047",Varces-Allières-et-Risset,Malissolles,1.0,LaMetro
clusters,"45.18033,5.73507",Grenoble,Mallifaud,1.0,LaMetro
clusters,"45.19915,5.68284",Fontaine,Marat,1.0,LaMetro
clusters,"45.18245,5.72217",Grenoble,Marceau - Jardin des Vallons,1.0,LaMetro
clusters,"45.12553,5.69795",Le Pont-de-Claix,Marcelline,1.0,LaMetro
clusters,"45.11483,5.80766",Vaulnaveys-le-Haut,Marchandises,1.0,LaMetro
clusters,"45.16486,5.68915",Seyssins,Marc Sangnier,1.0,LaMetro
clusters,"45.2081,5.69661",Grenoble,Martyrs - Résistance,1.0,LaMetro
clusters,"45.13495,5.69291",Le Pont-de-Claix,Marianne,1.0,LaMetro
clusters,"45.14523,5.71704",Échirolles,Marie Curie,1.0,LaMetro
clusters,"45.14162,5.74135",Bresson,La Maritelle,1.0,LaMetro
clusters,"45.27636,5.61105",Veurey-Voroize,Les Marronniers,1.0,LaMetro
clusters,"45.16727,5.69424",Seyssins,Mas des Iles,1.0,LaMetro
clusters,"45.06078,5.68819",Vif,Mas Garni,1.0,LaMetro
clusters,"45.05194,5.67464",Vif,Le Masségu,1.0,LaMetro
clusters,"45.16771,5.72108",Grenoble,Massenet,1.0,LaMetro
clusters,"45.10558,5.74645",Jarrie,Maupertuis,1.0,LaMetro
clusters,"45.21285,5.79719",Meylan,Maupertuis,1.0,LaMetro
clusters,"45.18491,5.77895",Gières,Mayencin - Champ Roman,1.0,LaMetro
clusters,"45.07973,5.66297",Saint-Paul-de-Varces,Le Meinget,1.0,LaMetro
clusters,"45.12164,5.78504",Brié-et-Angonnes,Les Métraux,1.0,LaMetro
clusters,"45.20928,5.7785",Meylan,Meylan Mairie,1.0,LaMetro
clusters,"45.20028,5.74533",La Tronche,Michallon,1.0,LaMetro
clusters,"44.97466,5.621",Miribel-Lanchâtre,Miribel,1.0,LaMetro
clusters,"45.22364,5.7678",Corenc,Rochasson,1.0,LaMetro
clusters,"45.21361,5.65249",Sassenage,Mollard Pichon,1.0,LaMetro
clusters,"45.26467,5.7742",Le Sappey-en-Chartreuse,Les Jonquilles,1.0,LaMetro
clusters,"45.15354,5.71188",Échirolles,Monmousseau,1.0,LaMetro
clusters,"45.09498,5.76482",Montchaboud,Montchaboud Le Village,1.0,LaMetro
clusters,"45.21204,5.75709",Corenc,Montfleury,1.0,LaMetro
clusters,"45.22998,5.78981",Meylan,Montlivet,1.0,LaMetro
clusters,"45.25575,5.74284",Quaix-en-Chartreuse,Mont-Quaix,1.0,LaMetro
clusters,"45.217,5.7536",Corenc,Monument,1.0,LaMetro
clusters,"45.25405,5.69438",Proveysieux,Moretière,1.0,LaMetro
clusters,"45.19635,5.82887",Domène,Les Mortes,1.0,LaMetro
clusters,"45.12579,5.68096",Claix,Moucherotte,1.0,LaMetro
clusters,"45.01516,5.7045",Notre-Dame-de-Commiers,Le Moulin,1.0,LaMetro
clusters,"45.179,5.73179",Grenoble,Mounier,1.0,LaMetro
clusters,"45.22838,5.68422",Saint-Égrève,Moutonnées,1.0,LaMetro
clusters,"45.22618,5.68616",Saint-Égrève,Muret,1.0,LaMetro
clusters,"45.21549,5.77954",Meylan,Les Mûriers,1.0,LaMetro
clusters,"45.19497,5.72614",Grenoble,Musée Dauphinois,1.0,LaMetro
clusters,"45.14878,5.70172",Échirolles,Musée Géo Charles,1.0,LaMetro
clusters,"45.20564,5.74888",La Tronche,Musée Hébert,1.0,LaMetro
clusters,"45.19046,5.73663",Grenoble,Mutualité,1.0,LaMetro
clusters,"45.27232,5.67853",Mont-Saint-Martin,Chemin de Namière,1.0,LaMetro
clusters,"45.21398,5.71026",Saint-Martin-le-Vinoux,Narbonne,1.0,LaMetro
clusters,"45.15627,5.70842",Échirolles,Navis,1.0,LaMetro
clusters,"45.00967,5.70015",Notre-Dame-de-Commiers,Notre-Dame-de-Commiers Le Village,1.0,LaMetro
clusters,"45.21782,5.69334",Saint-Martin-le-Vinoux,Néron,1.0,LaMetro
clusters,"45.18669,5.75716",Saint-Martin-d'Hères,Neyrpic - Belledonne,1.0,LaMetro
clusters,"45.11993,5.69255",Claix,Pompidou,1.0,LaMetro
clusters,"45.17597,5.7372",Grenoble,Ponsard,1.0,LaMetro
clusters,"45.08736,5.69011",Varces-Allières-et-Risset,Notre-Dame de Lachal,1.0,LaMetro
clusters,"45.20915,5.79489",Meylan,Norbert Ségard,1.0,LaMetro
clusters,"45.19358,5.73214",Grenoble,Notre-Dame - Musée,1.0,LaMetro
clusters,"45.24292,5.63217",Noyarey,Bascule,1.0,LaMetro
clusters,"45.23891,5.63425",Noyarey,Saint-Jean,1.0,LaMetro
clusters,"45.15273,5.74876",Eybens,Odyssée,1.0,LaMetro
clusters,"45.21506,5.76867",Corenc,Les Oiseaux,1.0,LaMetro
clusters,"45.19819,5.83412",Domène,L'Oratoire,1.0,LaMetro
clusters,"45.08937,5.68355",Varces-Allières-et-Risset,L'Oriel,1.0,LaMetro
clusters,"45.20967,5.66695",Sassenage,L'Ovalie,1.0,LaMetro
clusters,"45.17395,5.76074",Saint-Martin-d'Hères,Pablo Neruda,1.0,LaMetro
clusters,"45.14464,5.69816",Échirolles,Collège Pablo Picasso,1.0,LaMetro
clusters,"45.21369,5.75287",Corenc,Charles Pajon,1.0,LaMetro
clusters,"45.27308,5.7657",Sarcenas,Col de Palaquit,1.0,LaMetro
clusters,"45.19164,5.71086",Grenoble,Palais de Justice - Gare,1.0,LaMetro
clusters,"45.11536,5.66589",Claix,Les Pampres,1.0,LaMetro
clusters,"45.21658,5.652",Sassenage,Les Parcs,1.0,LaMetro
clusters,"45.17478,5.65879",Seyssinet-Pariset,Pariset,1.0,LaMetro
clusters,"45.1995,5.75527",La Tronche,Pascal,1.0,LaMetro
clusters,"45.17226,5.74478",Grenoble,Paul Cocat,1.0,LaMetro
clusters,"45.16512,5.74887",Saint-Martin-d'Hères,Paul Eluard,1.0,LaMetro
clusters,"45.01148,5.70161",Notre-Dame-de-Commiers,Les Pauttats,1.0,LaMetro
clusters,"45.1084,5.67425",Varces-Allières-et-Risset,Pavillon,1.0,LaMetro
clusters,"45.17336,5.73851",Grenoble,Paul Claudel,1.0,LaMetro
clusters,"45.0577,5.77102",Vizille,Le Péage,1.0,LaMetro
clusters,"45.07057,5.67506",Varces-Allières-et-Risset,Pélissière,1.0,LaMetro
clusters,"45.15084,5.71482",Échirolles,Fernand Pelloutier,1.0,LaMetro
clusters,"45.17016,5.68682",Seyssinet-Pariset,Percevalière,1.0,LaMetro
clusters,"45.18771,5.75142",Saint-Martin-d'Hères,Péri - Brossolette,1.0,LaMetro
clusters,"45.26209,5.6247",Veurey-Voroize,Perrières,1.0,LaMetro
clusters,"45.12456,5.67937",Claix,Les Pérouses,1.0,LaMetro
clusters,"45.18935,5.81079",Gières,La Perrière,1.0,LaMetro
clusters,"45.06225,5.69018",Vif,Le Petit Brion,1.0,LaMetro
clusters,"45.04571,5.70237",Saint-Georges-de-Commiers,Les Peupliers,1.0,LaMetro
clusters,"45.16287,5.6853",Seyssins,Parc François Mitterrand,1.0,LaMetro
clusters,"45.14728,5.71347",Échirolles,Paul Héroult,1.0,LaMetro
clusters,"45.18388,5.79852",Gières,Pied de Gières,1.0,LaMetro
clusters,"45.17956,5.76397",Saint-Martin-d'Hères,Pierre Courtade,1.0,LaMetro
clusters,"45.16664,5.74646",Saint-Martin-d'Hères,Pierre Loti,1.0,LaMetro
clusters,"45.18128,5.75712",Saint-Martin-d'Hères,Pierre Sémard,1.0,LaMetro
clusters,"45.23565,5.67549",Saint-Égrève,La Pinéa - St Robert,1.0,LaMetro
clusters,"45.20888,5.77538",Meylan,Piscine des Buclos,1.0,LaMetro
clusters,"45.11379,5.72863",Champagnier,Place du Laca,1.0,LaMetro
clusters,"45.195,5.72917",Grenoble,Place Cymaise,1.0,LaMetro
clusters,"45.25319,5.71732",Quaix-en-Chartreuse,Quaix-en-Chartreuse Place,1.0,LaMetro
clusters,"45.25948,5.77706",Le Sappey-en-Chartreuse,Le Sappey-en-Chartreuse Place,1.0,LaMetro
clusters,"45.15583,5.68083",Seyssins,Seyssins Village,1.0,LaMetro
clusters,"45.19588,5.69065",Fontaine,Place du Marché Cachin,1.0,LaMetro
clusters,"45.06686,5.69213",Vif,La Plaine,1.0,LaMetro
clusters,"45.18805,5.78421",Gières,Plaine des Sports,1.0,LaMetro
clusters,"45.20276,5.76139",Meylan,Plaine Fleurie,1.0,LaMetro
clusters,"45.20876,5.76321",Meylan,Place de la Louisiane,1.0,LaMetro
clusters,"45.27869,5.71357",Proveysieux,Planfay Bas,1.0,LaMetro
clusters,"45.27874,5.71787",Proveysieux,Planfay Haut,1.0,LaMetro
clusters,"45.08933,5.6777",Varces-Allières-et-Risset,Les Platanes,1.0,LaMetro
clusters,"45.16115,5.73994",Grenoble,Les Géants,1.0,LaMetro
clusters,"45.20682,5.66281",Sassenage,Place de la Libération,1.0,LaMetro
clusters,"45.18209,5.79257",Gières,Place de la République,1.0,LaMetro
clusters,"45.15715,5.73384",Grenoble,Polesud - Alpexpo,1.0,LaMetro
clusters,"45.1486,5.72251",Échirolles,Antoine Polotti,1.0,LaMetro
clusters,"45.28045,5.70961",Proveysieux,Pomarey Bas,1.0,LaMetro
clusters,"45.28232,5.71079",Proveysieux,Pomarey,1.0,LaMetro
clusters,"45.08765,5.67206",Varces-Allières-et-Risset,La Pommeraie,1.0,LaMetro
clusters,"45.0875,5.73031",Champ-sur-Drac,Pont de Champ,1.0,LaMetro
clusters,"45.17823,5.79043",Gières,Pont de Venon,1.0,LaMetro
clusters,"45.02852,5.65171",Vif,Le Pont de Genevrey,1.0,LaMetro
clusters,"45.08679,5.78887",Vizille,Le Pont du Mas,1.0,LaMetro
clusters,"45.1814,5.76347",Saint-Martin-d'Hères,Portail Rouge,1.0,LaMetro
clusters,"45.18253,5.77665",Saint-Martin-d'Hères,Porte du Grésivaudan,1.0,LaMetro
clusters,"45.1211,5.67214",Claix,Poste,1.0,LaMetro
clusters,"45.17088,5.75859",Saint-Martin-d'Hères,Potié,1.0,LaMetro
clusters,"45.07444,5.66002",Saint-Paul-de-Varces,Le Poulat,1.0,LaMetro
clusters,"45.22925,5.6497",Sassenage,Praparis Usine,1.0,LaMetro
clusters,"45.23226,5.64503",Noyarey,Praparis - Les Roses,1.0,LaMetro
clusters,"45.14405,5.7401",Eybens,Pré au Crêt,1.0,LaMetro
clusters,"45.02466,5.70658",Saint-Georges-de-Commiers,Pré du Bil,1.0,LaMetro
clusters,"45.23002,5.78733",Meylan,Pré Catlan,1.0,LaMetro
clusters,"45.22359,5.68827",Saint-Égrève,Fiancey - Prédieu,1.0,LaMetro
clusters,"45.20183,5.66763",Sassenage,Pré Fleury,1.0,LaMetro
clusters,"45.01693,5.6133",Le Gua,Prélenfrey Eglise,1.0,LaMetro
clusters,"45.15752,5.76412",Poisat,Cimetière Intercommunal,1.0,LaMetro
clusters,"45.15141,5.68039",Seyssins,Pré Nouvel,1.0,LaMetro
clusters,"45.10964,5.6884",Varces-Allières-et-Risset,Pré de l'Orme,1.0,LaMetro
clusters,"45.20613,5.6994",Grenoble,Oxford,1.0,LaMetro
clusters,"45.20489,5.83576",Domène,Le Prieuré,1.0,LaMetro
clusters,"45.16639,5.69055",Seyssins,Le Prisme,1.0,LaMetro
clusters,"45.18714,5.76958",Saint-Martin-d'Hères,Les Alpilles,1.0,LaMetro
clusters,"45.22111,5.76456",Corenc,Providence,1.0,LaMetro
clusters,"45.27608,5.61213",Veurey-Voroize,Petit Châtelard,1.0,LaMetro
clusters,"45.12288,5.6977",Le Pont-de-Claix,Pont-de-Claix Mairie,1.0,LaMetro
clusters,"45.11832,5.69254",Claix,Pont Rouge,1.0,LaMetro
clusters,"45.20195,5.73416",La Tronche,Petite Tronche,1.0,LaMetro
clusters,"45.23009,5.6823",Saint-Égrève,Pont de Vence,1.0,LaMetro
clusters,"45.19242,5.69961",Fontaine,Pont du Vercors,1.0,LaMetro
clusters,"45.17206,5.81643",Venon,Les Puis,1.0,LaMetro
clusters,"45.15149,5.70664",Échirolles,Quinzaine,1.0,LaMetro
clusters,"45.19505,5.72342",Grenoble,Le Rabot,1.0,LaMetro
clusters,"45.24868,5.66688",Fontanil-Cornillon,Rafour,1.0,LaMetro
clusters,"45.14948,5.71818",Échirolles,La Rampe - Centre-Ville,1.0,LaMetro
clusters,"45.15968,5.73822",Grenoble,Raymond Chanas,1.0,LaMetro
clusters,"45.2045,5.84416",Domène,René Cassin,1.0,LaMetro
clusters,"45.1209,5.78154",Brié-et-Angonnes,Le Replat,1.0,LaMetro
clusters,"45.20945,5.71644",Saint-Martin-le-Vinoux,Le Reposoir,1.0,LaMetro
clusters,"45.20733,5.76796",Meylan,La Revirée,1.0,LaMetro
clusters,"45.21205,5.76638",Meylan,Revirée - Sayettes,1.0,LaMetro
clusters,"45.17497,5.70522",Grenoble,Rosa Parks,1.0,LaMetro
clusters,"45.25164,5.69488",Proveysieux,Garcinière,1.0,LaMetro
clusters,"45.22682,5.72078",Saint-Martin-le-Vinoux,Ripaillère,1.0,LaMetro
clusters,"45.10724,5.67309",Varces-Allières-et-Risset,Risset,1.0,LaMetro
clusters,"45.19482,5.82455",Murianette,Les Rivets,1.0,LaMetro
clusters,"45.21493,5.65169",Sassenage,Rivoire de la Dame,1.0,LaMetro
clusters,"45.15985,5.75718",Poisat,Robespierre,1.0,LaMetro
clusters,"45.10164,5.68534",Varces-Allières-et-Risset,Le Rochefort,1.0,LaMetro
clusters,"45.1783,5.76236",Saint-Martin-d'Hères,Rocheplane,1.0,LaMetro
clusters,"45.24459,5.67517",Saint-Égrève,Rochepleine,1.0,LaMetro
clusters,"45.2432,5.67907",Saint-Égrève,Rocher d'Escalade,1.0,LaMetro
clusters,"45.21501,5.66112",Sassenage,La Rollandière,1.0,LaMetro
clusters,"45.08662,5.73067",Champ-sur-Drac,Espace Navarre,1.0,LaMetro
clusters,"45.16072,5.70965",Grenoble,Marielle Franco - Rondeau,1.0,LaMetro
clusters,"45.09312,5.68375",Varces-Allières-et-Risset,Rond-Point de l'Europe,1.0,LaMetro
clusters,"45.12083,5.67593",Claix,La Ronzy,1.0,LaMetro
clusters,"45.17901,5.78101",Gières,Roseraie,1.0,LaMetro
clusters,"45.11791,5.66739",Claix,Les Roses,1.0,LaMetro
clusters,"45.01657,5.64083",Le Gua,Les Rossets,1.0,LaMetro
clusters,"45.24812,5.73164",Quaix-en-Chartreuse,Roudier,1.0,LaMetro
clusters,"45.25488,5.7048",Quaix-en-Chartreuse,Route de Saint-Egrève,1.0,LaMetro
clusters,"45.08706,5.70241",Varces-Allières-et-Risset,Rozatière,1.0,LaMetro
clusters,"45.19799,5.68087",Fontaine,Rue des Alpes,1.0,LaMetro
clusters,"45.19235,5.69252",Fontaine,Curie - Vercors,,LaMetro
clusters,"45.19421,5.69473",Fontaine,Rue Pasteur,1.0,LaMetro
clusters,"45.14932,5.74122",Eybens,Les Ruires-Boétie,1.0,LaMetro
clusters,"45.25007,5.63156",Noyarey,Le Ruisset,1.0,LaMetro
clusters,"45.19647,5.75206",La Tronche,Sablons,1.0,LaMetro
clusters,"45.07081,5.69538",Vif,Rue de la Sacristie,1.0,LaMetro
clusters,"45.02463,5.6458",Le Gua,Les Saillants,1.0,LaMetro
clusters,"45.24926,5.76534",Le Sappey-en-Chartreuse,Saint-Eynard,1.0,LaMetro
clusters,"45.11203,5.68452",Claix,Saint-Michel,1.0,LaMetro
clusters,"45.02819,5.70607",Saint-Georges-de-Commiers,Saint-Pierre Eglise,1.0,LaMetro
clusters,"45.17566,5.70887",Grenoble,Salengro,1.0,LaMetro
clusters,"45.08261,5.73371",Champ-sur-Drac,Zola - Mairie,1.0,LaMetro
clusters,"45.2734,5.75861",Sarcenas,Sarcenas Le Village,1.0,LaMetro
clusters,"45.27669,5.75747",Sarcenas,Pont du Croz,1.0,LaMetro
clusters,"45.16188,5.74176",Eybens,Les Saules,1.0,LaMetro
clusters,"45.19239,5.69687",Fontaine,Saveuil,1.0,LaMetro
clusters,"45.27833,5.70833",Proveysieux,Savoyardière,1.0,LaMetro
clusters,"45.18032,5.69707",Seyssinet-Pariset,Seyssinet-Pariset Hôtel de Ville,1.0,LaMetro
clusters,"45.16035,5.69373",Seyssins,Seyssins Rondeau,1.0,LaMetro
clusters,"45.15628,5.68128",Seyssinet-Pariset,Seyssins Village,1.0,LaMetro
clusters,"45.15628,5.68128",Seyssins,Seyssins Village,,LaMetro
clusters,"45.11612,5.75778",Jarrie,Les Simianes,1.0,LaMetro
clusters,"45.16512,5.76552",Saint-Martin-d'Hères,Saint-Martin-d'Hères Village,1.0,LaMetro
clusters,"45.20387,5.71634",Saint-Martin-le-Vinoux,Place du Village,1.0,LaMetro
clusters,"45.17052,5.68074",Seyssinet-Pariset,Seyssinet Village,1.0,LaMetro
clusters,"45.18161,5.78271",Gières,Le Sonnant,1.0,LaMetro
clusters,"45.25036,5.73532",Quaix-en-Chartreuse,Sous La Frette,1.0,LaMetro
clusters,"45.1703,5.81077",Venon,Sous-Perroud,1.0,LaMetro
clusters,"45.13061,5.77825",Brié-et-Angonnes,Souveyron,1.0,LaMetro
clusters,"45.12799,5.78511",Brié-et-Angonnes,Le Coin,1.0,LaMetro
clusters,"45.07167,5.6426",Saint-Paul-de-Varces,Saint-Paul-de-Varces Place,1.0,LaMetro
clusters,"45.1435,5.72943",Échirolles,Stade,1.0,LaMetro
clusters,"45.07559,5.72718",Champ-sur-Drac,Stade Perrouault,1.0,LaMetro
clusters,"45.16429,5.71097",Grenoble,Stade Lesdiguières,1.0,LaMetro
clusters,"45.17172,5.72435",Grenoble,Stalingrad-Alliés,1.0,LaMetro
clusters,"45.17827,5.74591",Grenoble,Saint-Augustin,1.0,LaMetro
clusters,"44.99986,5.62946",Le Gua,Saint-Barthélémy,1.0,LaMetro
clusters,"45.18592,5.71403",Grenoble,Chorier - Saint-Bruno,1.0,LaMetro
clusters,"45.18833,5.71351",Grenoble,Saint-Bruno,1.0,LaMetro
clusters,"45.09683,5.68367",Varces-Allières-et-Risset,Saint-Ange,1.0,LaMetro
clusters,"45.19146,5.73067",Grenoble,Sainte-Claire - Les Halles,1.0,LaMetro
clusters,"45.23531,5.67151",Saint-Égrève,Saint Egrève Gare,1.0,LaMetro
clusters,"45.0871,5.68586",Varces-Allières-et-Risset,Stendhal,1.0,LaMetro
clusters,"45.20113,5.69021",Fontaine,Saint-Eynard,1.0,LaMetro
clusters,"45.04363,5.70174",Saint-Georges-de-Commiers,Saint-Georges-de-Commiers Gare,1.0,LaMetro
clusters,"45.21015,5.74408",La Tronche,Saint-Germain,1.0,LaMetro
clusters,"45.21282,5.77305",Meylan,Saint-Jean Bosco,1.0,LaMetro
clusters,"45.19802,5.73257",Grenoble,Saint-Laurent,1.0,LaMetro
clusters,"45.21947,5.78613",Meylan,Saint-Mury,1.0,LaMetro
clusters,"45.19129,5.73851",Grenoble,Saint-Roch,1.0,LaMetro
clusters,"45.2286,5.78928",Meylan,Saint-Victor,1.0,LaMetro
clusters,"45.15846,5.72192",Échirolles,Surieux,1.0,LaMetro
clusters,"45.19215,5.75784",Saint-Martin-d'Hères,Les Taillées - Universités,1.0,LaMetro
clusters,"45.11315,5.66577",Claix,Les Taillis,1.0,LaMetro
clusters,"45.13628,5.77037",Brié-et-Angonnes,Tavernolles,1.0,LaMetro
clusters,"45.17081,5.74016",Grenoble,Teisseire,1.0,LaMetro
clusters,"45.16914,5.79285",Gières,Les Terrats,1.0,LaMetro
clusters,"45.20999,5.76693",Meylan,Lionel Terray,1.0,LaMetro
clusters,"45.11571,5.75102",Jarrie,Les Thévenets,1.0,LaMetro
clusters,"45.09132,5.79162",Vaulnaveys-le-Bas,Les Travers,1.0,LaMetro
clusters,"45.20446,5.66499",Sassenage,Trefforine,1.0,LaMetro
clusters,"45.22639,5.79109",Meylan,La Treille,1.0,LaMetro
clusters,"45.18971,5.72476",Grenoble,Victor Hugo,1.0,LaMetro
clusters,"45.20123,5.74184",La Tronche,La Tronche Hôpital,1.0,LaMetro
clusters,"45.16906,5.69215",Seyssins,Tuilerie,1.0,LaMetro
clusters,"45.06063,5.66856",Vif,Uriol,1.0,LaMetro
clusters,"45.03,5.65281",Vif,L'Usine Nord,1.0,LaMetro
clusters,"45.1069,5.66532",Claix,Val d'Allières,1.0,LaMetro
clusters,"45.15905,5.74558",Eybens,Val d'Eybens,1.0,LaMetro
clusters,"45.18002,5.70558",Grenoble,Vallier - Catane,1.0,LaMetro
clusters,"45.18013,5.71608",Grenoble,Vallier - Libération,1.0,LaMetro
clusters,"45.18719,5.7448",Grenoble,Flandrin - Valmy,1.0,LaMetro
clusters,"45.08635,5.68298",Varces-Allières-et-Risset,République,1.0,LaMetro
clusters,"45.14303,5.70002",Échirolles,Vassieux,1.0,LaMetro
clusters,"45.10549,5.80042",Vaulnaveys-le-Bas,Vaulnaveys-Le-Bas Le Village,1.0,LaMetro
clusters,"45.11934,5.81099",Vaulnaveys-le-Haut,Vaulnaveys-Le-Haut Le Village,1.0,LaMetro
clusters,"45.08187,5.77163",Vizille,Vénaria,1.0,LaMetro
clusters,"45.22773,5.66846",Saint-Égrève,Vence EcoParc,1.0,LaMetro
clusters,"45.17165,5.80482",Venon,Venon Mairie,1.0,LaMetro
clusters,"45.20065,5.75103",La Tronche,Vercors,1.0,LaMetro
clusters,"45.14694,5.75428",Eybens,Le Verderet,1.0,LaMetro
clusters,"45.1883,5.73144",Grenoble,Verdun - Préfecture,1.0,LaMetro
clusters,"45.16193,5.71613",Grenoble,Verlaine,1.0,LaMetro
clusters,"45.20713,5.83398",Domène,Les Vernes,1.0,LaMetro
clusters,"45.09617,5.73978",Jarrie,Le Vernet Croix,1.0,LaMetro
clusters,"45.12558,5.67844",Claix,Vert Sapin,1.0,LaMetro
clusters,"45.27225,5.61564",Veurey-Voroize,Veurey Eglise,1.0,LaMetro
clusters,"45.27292,5.61302",Veurey-Voroize,Veurey Mairie,1.0,LaMetro
clusters,"45.26981,5.61825",Veurey-Voroize,La Rive,1.0,LaMetro
clusters,"45.19483,5.7248",Grenoble,Veyret,1.0,LaMetro
clusters,"45.18938,5.72499",Grenoble,Victor Hugo,,LaMetro
clusters,"45.21138,5.64977",Sassenage,Vieux donjon,1.0,LaMetro
clusters,"45.04824,5.68573",Vif,Vif Gare,1.0,LaMetro
clusters,"45.05301,5.67655",Vif,Rivalta,1.0,LaMetro
clusters,"45.05584,5.66897",Vif,Vif Mairie,1.0,LaMetro
clusters,"45.18923,5.77806",Gières,Vignate,1.0,LaMetro
clusters,"45.13809,5.74574",Bresson,Les Vignes,1.0,LaMetro
clusters,"45.16744,5.72338",Grenoble,Vigny,1.0,LaMetro
clusters,"45.14133,5.72057",Échirolles,Le Village,1.0,LaMetro
clusters,"45.16411,5.72404",Grenoble,Village Olympique,1.0,LaMetro
clusters,"45.23317,5.68606",Saint-Égrève,Visancourt,1.0,LaMetro
clusters,"45.07888,5.76947",Vizille,Parc Vöhringen,1.0,LaMetro
clusters,"45.1956,5.73009",Grenoble,Xavier Jouvin,1.0,LaMetro
clusters,"45.0569,5.68184",Vif,Z.A. des Speyres,1.0,LaMetro
clusters,"45.16707,5.75354",Saint-Martin-d'Hères,Zella Mehlis,1.0,LaMetro
clusters,"45.13853,5.69449",Le Pont-de-Claix,ZI des Iles,1.0,LaMetro
clusters,"44.97473,5.62094",Miribel-Lanchâtre,LE VILLAGE,1.0,LaMetro
clusters,"44.97005,5.60858",Miribel-Lanchâtre,Le Vernay,,LaMetro
clusters,"44.97995,5.62225",Miribel-Lanchâtre,Cassoulet,,LaMetro
clusters,"45.02779,5.65446",Vif,GENEVREY ECOLE,1.0,LaMetro
clusters,"45.00954,5.70025",Notre-Dame-de-Commiers,LE VILLAGE,1.0,LaMetro
clusters,"45.01512,5.70438",Notre-Dame-de-Commiers,LE MOULIN,,LaMetro
clusters,"45.01145,5.70156",Notre-Dame-de-Commiers,LES PAUTTATS,,LaMetro
clusters,"45.02828,5.70598",Saint-Georges-de-Commiers,ST PIERRE-EGLISE,1.0,LaMetro
clusters,"45.02461,5.70654",Saint-Georges-de-Commiers,PRE DU BIL,,LaMetro
clusters,"45.02657,5.66212",Vif,LE SERF DE VIF,1.0,LaMetro
clusters,"45.02115,5.66083",Vif,GIRARDIERE,1.0,LaMetro
clusters,"45.03096,5.66417",Vif,ALLEE DU POYET,1.0,LaMetro
clusters,"45.03845,5.70576",Saint-Georges-de-Commiers,LES GUIBERTS,,LaMetro
clusters,"45.07684,5.7255",Champ-sur-Drac,LE BOUTEY,1.0,LaMetro
clusters,"45.07099,5.72288",Champ-sur-Drac,CHEMIN DU CLOUD,1.0,LaMetro
clusters,"45.03812,5.70411",Saint-Georges-de-Commiers,LA TOUR,,LaMetro
clusters,"45.04376,5.70655",Saint-Georges-de-Commiers,LES CONDAMINES,,LaMetro
clusters,"45.05199,5.71036",Saint-Georges-de-Commiers,LE CANAL,,LaMetro
clusters,"45.05301,5.67657",Vif,Rivalta,,LaMetro
clusters,"45.04002,5.67119",Vif,LE CROZET,1.0,LaMetro
clusters,"45.05239,5.67205",Vif,COLLEGE LE MASSEGU,1.0,LaMetro
clusters,"45.04856,5.70652",Saint-Georges-de-Commiers,LES ISLES,,LaMetro
clusters,"45.04346,5.70155",Saint-Georges-de-Commiers,LA GARE,1.0,LaMetro
clusters,"45.04347,5.66446",Vif,Le Chalet,,LaMetro
clusters,"45.04908,5.66933",Vif,La Cime du Bourg,,LaMetro
clusters,"45.03926,5.66124",Vif,La Grange,,LaMetro
clusters,"45.05591,5.6688",Vif,Vif Mairie,,LaMetro
clusters,"45.05751,5.77095",Vizille,Le Péage,,LaMetro
clusters,"45.0531,5.778",Vizille,LE MANIGUET,1.0,LaMetro
clusters,"45.07503,5.77205",Vizille,Place du Château,,LaMetro
clusters,"45.07157,5.75776",Notre-Dame-de-Mésage,CAR.ROUTE DE MONTALEY,1.0,LaMetro
clusters,"45.06677,5.75406",Notre-Dame-de-Mésage,CAR.ROUTE DE ST-SAUVEUR,1.0,LaMetro
clusters,"45.06906,5.76689",Vizille,Vizille Lycée,,LaMetro
clusters,"45.05363,5.83468",Séchilienne,LE VILLAGE,1.0,LaMetro
clusters,"45.03798,5.80935",Saint-Barthélemy-de-Séchilienne,LE SAPPEY,1.0,LaMetro
clusters,"45.05344,5.82945",Séchilienne,LA GARE,1.0,LaMetro
clusters,"45.11879,5.70187",Le Pont-de-Claix,LES DEUX PONTS,1.0,LaMetro
clusters,"45.09447,5.7215",Champagnier,SAUT DU MOINE,1.0,LaMetro
clusters,"45.08609,5.6826",Varces-Allières-et-Risset,VARCES REPUBLIQUE,1.0,LaMetro
clusters,"45.08745,5.73033",Champ-sur-Drac,Pont de Champ,,LaMetro
clusters,"45.08661,5.77485",Vizille,Collège Les Mattons,,LaMetro
clusters,"45.08391,5.74235",Jarrie,LA GARE - RN85,1.0,LaMetro
clusters,"45.08854,5.73082",Champ-sur-Drac,Pont de Champ,,LaMetro
clusters,"45.07543,5.77837",Vizille,Les Allas,,LaMetro
clusters,"45.0816,5.78755",Vizille,Les Corniers,,LaMetro
clusters,"45.08202,5.76816",Vizille,L'Alliance,,LaMetro
clusters,"45.08678,5.7889",Vizille,Le Pont du Mas,,LaMetro
clusters,"45.1107,5.80406",Vaulnaveys-le-Bas,Maison Blanche,,LaMetro
clusters,"45.11992,5.82841",Vaulnaveys-le-Haut,BELMONT,1.0,LaMetro
clusters,"45.11517,5.83112",Vaulnaveys-le-Haut,MONTGARDIER,1.0,LaMetro
clusters,"45.11356,5.83653",Vaulnaveys-le-Haut,LE FUJAREY,1.0,LaMetro
clusters,"45.11961,5.81123",Vaulnaveys-le-Haut,Vaulnaveys-Le-Haut Le Village,,LaMetro
clusters,"45.14591,5.70486",Échirolles,Bayard,,LaMetro
clusters,"45.16932,5.71272",Grenoble,Louise Michel,,LaMetro
clusters,"45.15157,5.70677",Échirolles,Quinzaine,,LaMetro
clusters,"45.13178,5.70011",Le Pont-de-Claix,Iles de Mars,,LaMetro
clusters,"45.16099,5.66781",Seyssins,HAUTS DE SEYSSINS,1.0,LaMetro
clusters,"45.16383,5.71089",Grenoble,Stade Lesdiguières,,LaMetro
clusters,"45.13789,5.70217",Le Pont-de-Claix,L'Etoile,,LaMetro
clusters,"45.17051,5.68073",Seyssinet-Pariset,CENTRE-VILLAGE,1.0,LaMetro
clusters,"45.17094,5.66692",Seyssinet-Pariset,LA TOUR SANS VENIN,1.0,LaMetro
clusters,"45.12235,5.82961",Vaulnaveys-le-Haut,BELMONT LA CHAPELLE,1.0,LaMetro
clusters,"45.13089,5.81901",Vaulnaveys-le-Haut,Les Alberges,,LaMetro
clusters,"45.12908,5.82638",Vaulnaveys-le-Haut,LES ROUX,1.0,LaMetro
clusters,"45.12803,5.83504",Vaulnaveys-le-Haut,LES DAVIDS,1.0,LaMetro
clusters,"45.1631,5.81265",Venon,Le Chenil,,LaMetro
clusters,"45.13626,5.82448",Vaulnaveys-le-Haut,La Tuilerie,,LaMetro
clusters,"45.12419,5.83096",Vaulnaveys-le-Haut,BELMONT 3,1.0,LaMetro
clusters,"45.13095,5.8303",Vaulnaveys-le-Haut,LES BLANCHERES 2,1.0,LaMetro
clusters,"45.20675,5.66277",Sassenage,Place de la Libération,,LaMetro
clusters,"45.21227,5.66173",Sassenage,Château de Sassenage,,LaMetro
clusters,"45.21491,5.66119",Sassenage,La Rollandière,,LaMetro
clusters,"45.17487,5.65849",Seyssinet-Pariset,Pariset,,LaMetro
clusters,"45.21304,5.64477",Sassenage,LA DENT DU LOUP,,LaMetro
clusters,"45.218,5.64818",Sassenage,RIVOIRE DE LA DAME,,LaMetro
clusters,"45.19971,5.632",Sassenage,USINE,1.0,LaMetro
clusters,"45.20427,5.66511",Sassenage,PRE FLEURY,,LaMetro
clusters,"45.20527,5.7004",Grenoble,Oxford,,LaMetro
clusters,"45.18756,5.72705",Grenoble,Docteur Martin,,LaMetro
clusters,"45.18996,5.72444",Grenoble,Victor Hugo,,LaMetro
clusters,"45.18836,5.73111",Grenoble,Verdun - Préfecture,,LaMetro
clusters,"45.19151,5.71519",Grenoble,Gares,,LaMetro
clusters,"45.18544,5.73123",Grenoble,Chavant,,LaMetro
clusters,"45.17335,5.71412",Grenoble,Alliés,,LaMetro
clusters,"45.20243,5.70421",Grenoble,Marie-Louise Paris - CEA,,LaMetro
clusters,"45.17876,5.71596",Grenoble,VALLIER-LIBERATION (SUD),1.0,LaMetro
clusters,"45.19314,5.71417",Grenoble,GARE ROUTIERE,,LaMetro
clusters,"45.19053,5.72501",Grenoble,TROIS DAUPHINS,1.0,LaMetro
clusters,"45.19241,5.69651",Fontaine,SAVEUIL,,LaMetro
clusters,"45.1891,5.69428",Fontaine,Louis Maisonnat,,LaMetro
clusters,"45.18529,5.69461",Seyssinet-Pariset,Aristide Bergès,,LaMetro
clusters,"45.1882,5.71909",Grenoble,Alsace-Lorraine,,LaMetro
clusters,"45.19714,5.67241",Fontaine,La Poya,,LaMetro
clusters,"45.19531,5.71084",Grenoble,Cité Internationale,,LaMetro
clusters,"45.19955,5.66987",Sassenage,Les Pies,,LaMetro
clusters,"45.19126,5.72165",Grenoble,Docteur Mazet,,LaMetro
clusters,"45.17642,5.68792",Seyssinet-Pariset,Belvédère,,LaMetro
clusters,"45.21407,5.77905",Meylan,Lycée du Grésivaudan - Bachais,,LaMetro
clusters,"45.21376,5.75005",Corenc,LE RONDEAU,1.0,LaMetro
clusters,"45.18198,5.7809",Gières,COLLEGE LE CHAMANDIER,1.0,LaMetro
clusters,"45.18456,5.78709",Gières,INSTITUTION DON BOSCO,1.0,LaMetro
clusters,"45.21255,5.75916",Corenc,Montfleury,,LaMetro
clusters,"45.20718,5.78478",Meylan,TAILLEFER,1.0,LaMetro
clusters,"45.18883,5.73662",Grenoble,Bir Hakeim,,LaMetro
clusters,"45.18115,5.78832",Gières,Edelweiss,,LaMetro
clusters,"45.20494,5.77864",Meylan,COLLEGE DES BUCLOS,1.0,LaMetro
clusters,"45.21002,5.7667",Meylan,Lionel Terray,,LaMetro
clusters,"45.17345,5.78993",Gières,La Combe,,LaMetro
clusters,"45.16896,5.79329",Gières,Les Terrats,,LaMetro
clusters,"45.17395,5.76085",Saint-Martin-d'Hères,Pablo Neruda,,LaMetro
clusters,"45.20148,5.7423",La Tronche,La Tronche Hôpital,,LaMetro
clusters,"45.20562,5.74886",La Tronche,Musée Hébert,,LaMetro
clusters,"45.19168,5.77035",Saint-Martin-d'Hères,Bibliothèques Universitaires,1.0,LaMetro
clusters,"45.18595,5.76061",Saint-Martin-d'Hères,Clinique Belledonne,,LaMetro
clusters,"45.18442,5.76756",Saint-Martin-d'Hères,Champ Roman,,LaMetro
clusters,"45.19196,5.77504",Gières,Universités - Biologie,,LaMetro
clusters,"45.21244,5.7706",Meylan,Chaumetière,,LaMetro
clusters,"45.20759,5.78909",Meylan,INOVALLEE,1.0,LaMetro
clusters,"45.18554,5.78549",Gières,GARE UNIVERSITES (TRAMWAY),1.0,LaMetro
clusters,"45.18676,5.75675",Saint-Martin-d'Hères,Neyrpic - Belledonne,,LaMetro
clusters,"45.1849,5.78536",Gières,GARE UNIVERSITES (SNCF),1.0,LaMetro
clusters,"45.21163,5.77421",Meylan,Faculté de Pharmacie,,LaMetro
clusters,"45.20509,5.76455",Meylan,Aiguinards-Hexagone,,LaMetro
clusters,"45.21212,5.76685",Meylan,Revirée - Sayettes,,LaMetro
clusters,"45.19708,5.75322",La Tronche,Sablons,,LaMetro
clusters,"45.20738,5.76784",Meylan,La Revirée,,LaMetro
clusters,"45.20299,5.76149",Meylan,Plaine Fleurie,,LaMetro
clusters,"45.1875,5.73746",Grenoble,Grenoble Hôtel de Ville,,LaMetro
clusters,"45.2146,5.78098",Meylan,PARKING LYCEE GRESIVAUDAN,1.0,LaMetro
clusters,"45.19743,5.74655",La Tronche,Hôpital Michallon,,LaMetro
clusters,"45.19706,5.82826",Domène,COLLEGE LA MOULINIERE,1.0,LaMetro
clusters,"45.19807,5.83381",Domène,L'Oratoire,,LaMetro
clusters,"45.19216,5.81728",Murianette,Le Bourg,,LaMetro
clusters,"45.19418,5.82288",Murianette,Les Rivets,,LaMetro
clusters,"45.20234,5.83811",Domène,Domène Mairie,,LaMetro
clusters,"45.20756,5.84938",Domène,Les Arnauds,,LaMetro
clusters,"45.20769,5.83363",Domène,Les Vernes,,LaMetro
clusters,"45.20671,5.82732",Domène,Chenevières,,LaMetro
clusters,"45.20473,5.83595",Domène,Le Prieuré,,LaMetro
clusters,"45.19321,5.82013",Murianette,La Briot,,LaMetro
clusters,"45.19643,5.82917",Domène,Les Mortes,,LaMetro
clusters,"45.19025,5.81292",Murianette,La Perrière,1.0,LaMetro
clusters,"45.25837,5.65945",Fontanil-Cornillon,CROIX DE LA ROCHETTE,1.0,LaMetro
clusters,"45.25022,5.66511",Fontanil-Cornillon,LEP FRANCOISE DOLTO,1.0,LaMetro
clusters,"45.24991,5.63159",Noyarey,Le Ruisset,,LaMetro
clusters,"45.23857,5.63471",Noyarey,Saint-Jean,,LaMetro
clusters,"45.24287,5.63213",Noyarey,Bascule,,LaMetro
clusters,"45.24008,5.66663",Saint-Égrève,Cap38,,LaMetro
clusters,"45.2682,5.61939",Veurey-Voroize,Les Echalières,,LaMetro
clusters,"45.23645,5.63807",Noyarey,LES CHAULNES,1.0,LaMetro
clusters,"45.2365,5.66202",Saint-Égrève,SAN MARINO BARRAGE,1.0,LaMetro
clusters,"45.25958,5.62606",Veurey-Voroize,Iles Cordées,,LaMetro
clusters,"45.2233,5.79345",Meylan,La Détourbe,,LaMetro
clusters,"45.22106,5.79003",Meylan,Les Jaillières,,LaMetro
clusters,"45.21863,5.78664",Meylan,Saint-Mury,,LaMetro
clusters,"45.26981,5.61823",Veurey-Voroize,La Rive,,LaMetro
clusters,"45.27155,5.61931",Veurey-Voroize,VEUREY PONT,1.0,LaMetro
clusters,"45.20918,5.79484",Meylan,NORBERT SEGARD CNET,1.0,LaMetro
clusters,"45.20882,5.79762",Meylan,Busserolles,,LaMetro
clusters,"45.18922,5.77812",Gières,Vignate,,LaMetro
clusters,"45.25602,5.62811",Veurey-Voroize,La Cuche,,LaMetro
clusters,"45.19882,5.7503",La Tronche,Grand Sablon,,LaMetro
clusters,"45.08056,5.77466",Vizille,Chantefeuille,,LaMetro
clusters,"45.07733,5.76856",Vizille,Les Forges,,LaMetro
clusters,"45.1607,5.70986",Grenoble,MARIELLE FRANCO - RONDEAU,,LaMetro
clusters,"45.11064,5.70844",Le Pont-de-Claix,PONT DES VANNES,1.0,LaMetro
clusters,"45.19159,5.77587",Gières,Universités - Biologie,,LaMetro
clusters,"45.18935,5.77446",Saint-Martin-d'Hères,Condillac - Universités,,LaMetro
clusters,"45.20779,5.69715",Grenoble,Martyrs - Résistance,,LaMetro
clusters,"45.18806,5.73813",Grenoble,HOTEL DE VILLE-CHANRION,1.0,LaMetro
clusters,"45.1994,5.71313",Grenoble,DURAND SAVOYAT,1.0,LaMetro
clusters,"45.11453,5.70529",Le Pont-de-Claix,BEAU SITE,1.0,LaMetro
clusters,"45.18122,5.69449",Seyssinet-Pariset,Bouchayer - Hôtel de Ville,,LaMetro
clusters,"45.25489,5.66164",Fontanil-Cornillon,Palluel,,LaMetro
clusters,"45.17102,5.67324",Seyssinet-Pariset,LES VOUILLANTS,1.0,LaMetro
clusters,"45.06815,5.77009",Vizille,LYCEE (2),1.0,LaMetro
clusters,"45.17727,5.69353",Seyssinet-Pariset,Fauconnière,,LaMetro
clusters,"45.18027,5.71553",Grenoble,VALLIER-LIBERATION (OUEST),1.0,LaMetro
clusters,"45.17649,5.68144",Seyssinet-Pariset,ROUTE DE SAINT NIZIER,1.0,LaMetro
clusters,"45.1702,5.67794",Seyssinet-Pariset,LES VISANS,1.0,LaMetro
clusters,"45.22209,5.79354",Meylan,CHEMIN DE SAINT-MARTIN,1.0,LaMetro
clusters,"45.20851,5.75836",Meylan,Jules Flandrin,,LaMetro
clusters,"45.18007,5.70638",Grenoble,Vallier - Catane,,LaMetro
clusters,"45.12338,5.69802",Le Pont-de-Claix,Pont-de-Claix Mairie,,LaMetro
clusters,"45.16442,5.67152",Seyssinet-Pariset,BEL AIR,1.0,LaMetro
clusters,"45.1784,5.69193",Seyssinet-Pariset,MURAILLES,,LaMetro
clusters,"45.21415,5.63961",Sassenage,GRANDES COTES,1.0,LaMetro
clusters,"45.19268,5.71437",Grenoble,GARE ROUTIERE,,LaMetro
clusters,"45.193,5.76888",Saint-Martin-d'Hères,St-Martin-d'Hères,1.0,LaMetro
clusters,"45.1854,5.73146",Grenoble,Chavant,,LaMetro
clusters,"45.18913,5.72528",Grenoble,Victor Hugo,,LaMetro
clusters,"45.18626,5.72503",Grenoble,Champollion (SNCF),1.0,LaMetro
clusters,"45.19115,5.71369",Grenoble,Grenoble Europole,1.0,LaMetro
clusters,"45.12556,5.69798",,Pont-Claix-TAG-Marcelli,1.0,LaMetro
clusters,"45.15272,5.71992",Échirolles,gare de Echirolles,1.0,LaMetro
clusters,"45.19533,5.71088",Grenoble,Grenoble Cité Internationale,1.0,LaMetro
clusters,"45.19147,5.71454",Grenoble,Gare de Grenoble,1.0,LaMetro
clusters,"45.2357,5.67119",Saint-Égrève,gare de St-Egrève-St-Robert,1.0,LaMetro
clusters,"45.18491,5.78474",Gières,Gare de Grenoble U.-Gières,1.0,LaMetro
clusters,"45.12517,5.69984",Le Pont-de-Claix,gare de Pont-de-Claix,1.0,LaMetro
clusters,"45.08541,5.74226",Jarrie,gare de Jarrie-Vizille,1.0,LaMetro
clusters,"45.04372,5.70118",Saint-Georges-de-Commiers,gare de St-Georges-de-Commiers,1.0,LaMetro
clusters,"45.04765,5.68542",Vif,gare de Vif,1.0,LaMetro
clusters,"45.17417,5.78998",Gières,LA COMBE,,LaMetro
clusters,"45.21074,5.79174",Meylan,LES BEALIERES,,LaMetro
clusters,"45.18105,5.78841",Gières,GIERES EDELWEISS,1.0,LaMetro
clusters,"45.20882,5.79769",Meylan,BUSSEROLLES,,LaMetro
clusters,"45.18837,5.73163",Grenoble,Verdun - Préfecture,,LaMetro
clusters,"45.20929,5.79458",Meylan,NORBERT SEGARD CNET,,LaMetro
clusters,"45.20456,5.84425",Domène,RENE CASSIN,,LaMetro
clusters,"45.2069,5.84792",Domène,DOMENE LES ARNAUDS,1.0,LaMetro
clusters,"45.16906,5.79307",Gières,LES TERRATS,,LaMetro
clusters,"45.18491,5.78535",Gières,GIERES GARE,1.0,LaMetro
clusters,"45.20729,5.834",Domène,LES VERNES,,LaMetro
clusters,"45.20454,5.83615",Domène,LE PRIEURE,,LaMetro
clusters,"45.20236,5.83816",Domène,DOMENE MAIRIE,,LaMetro
clusters,"45.16317,5.81224",Venon,LE CHENIL,,LaMetro
clusters,"45.25819,5.65938",Fontanil-Cornillon,CROIX DE ROCHETTE,1.0,LaMetro
clusters,"45.25037,5.66504",Fontanil-Cornillon,LEP F. DOLTO,1.0,LaMetro
clusters,"45.25813,5.6595",Fontanil-Cornillon,CROIX DE ROCHETTE,,LaMetro
clusters,"45.25469,5.66167",Fontanil-Cornillon,PALLUEL,,LaMetro
clusters,"45.25496,5.66169",Fontanil-Cornillon,PALLUEL,,LaMetro
clusters,"45.18731,5.73714",Grenoble,Hôtel de Ville,1.0,LaMetro
clusters,"45.19425,5.71862",Grenoble,Porte de France,1.0,LaMetro
clusters,"45.18016,5.70466",Grenoble,Catane,1.0,LaMetro
clusters,"45.18414,5.76851",Saint-Martin-d'Hères,Champ Roman,,LaMetro
clusters,"45.20545,5.70126",Grenoble,Pont d'Oxford,1.0,LaMetro
clusters,"45.198644,5.724519",,Téléphérique Grenoble-Bastille,1.0,LaMetro
clusters,"45.192984,5.726084",,Quai Stéphane Jay,1.0,LaMetro
